ID,Name,DBD,isTF?
ENSG00000137203,TFAP2A,AP-2,Yes
ENSG00000008196,TFAP2B,AP-2,Yes
ENSG00000087510,TFAP2C,AP-2,Yes
ENSG00000008197,TFAP2D,AP-2,Yes
ENSG00000116819,TFAP2E,AP-2,Yes
ENSG00000117713,ARID1A,ARID/BRIGHT,No
ENSG00000049618,ARID1B,ARID/BRIGHT,No
ENSG00000116017,ARID3A,ARID/BRIGHT,Yes
ENSG00000179361,ARID3B,ARID/BRIGHT,Yes
ENSG00000205143,ARID3C,ARID/BRIGHT,Yes
ENSG00000032219,ARID4A,ARID/BRIGHT,No
ENSG00000054267,ARID4B,ARID/BRIGHT,No
ENSG00000196843,ARID5A,ARID/BRIGHT,Yes
ENSG00000150347,ARID5B,ARID/BRIGHT,Yes
ENSG00000008083,JARID2,ARID/BRIGHT,No
ENSG00000073614,KDM5A,ARID/BRIGHT,No
ENSG00000117139,KDM5B,ARID/BRIGHT,Yes
ENSG00000126012,KDM5C,ARID/BRIGHT,No
ENSG00000012817,KDM5D,ARID/BRIGHT,No
ENSG00000189079,ARID2,ARID/BRIGHT; RFX,Yes
ENSG00000153207,AHCTF1,AT hook,Yes
ENSG00000126705,AHDC1,AT hook,Yes
ENSG00000106948,AKNA,AT hook,Yes
ENSG00000116539,ASH1L,AT hook,Yes
ENSG00000173894,CBX2,AT hook,Yes
ENSG00000101457,DNTTIP1,AT hook,Yes
ENSG00000104885,DOT1L,AT hook,Yes
ENSG00000140632,GLYR1,AT hook,Yes
ENSG00000137309,HMGA1,AT hook,Yes
ENSG00000149948,HMGA2,AT hook,Yes
ENSG00000025293,PHF20,AT hook,Yes
ENSG00000135365,PHF21A,AT hook,Yes
ENSG00000126464,PRR12,AT hook,Yes
ENSG00000146285,SCML4,AT hook,Yes
ENSG00000152217,SETBP1,AT hook,Yes
ENSG00000080603,SRCAP,AT hook,Yes
ENSG00000188070,C11orf95,BED ZF,Yes
ENSG00000237765,FAM200B,BED ZF,Yes
ENSG00000141258,SGSM2,BED ZF,Yes
ENSG00000214717,ZBED1,BED ZF,Yes
ENSG00000177494,ZBED2,BED ZF,Yes
ENSG00000132846,ZBED3,BED ZF,Yes
ENSG00000100426,ZBED4,BED ZF,Yes
ENSG00000236287,ZBED5,BED ZF,Yes
ENSG00000257315,ZBED6,BED ZF,Yes
ENSG00000221886,ZBED8,BED ZF,No
ENSG00000232040,ZBED9,BED ZF,Yes
ENSG00000106546,AHR,bHLH,Yes
ENSG00000063438,AHRR,bHLH,Yes
ENSG00000143437,ARNT,bHLH,Yes
ENSG00000172379,ARNT2,bHLH,Yes
ENSG00000133794,ARNTL,bHLH,Yes
ENSG00000029153,ARNTL2,bHLH,Yes
ENSG00000139352,ASCL1,bHLH,Yes
ENSG00000183734,ASCL2,bHLH,Yes
ENSG00000176009,ASCL3,bHLH,Yes
ENSG00000187855,ASCL4,bHLH,Yes
ENSG00000232237,ASCL5,bHLH,Yes
ENSG00000172238,ATOH1,bHLH,Yes
ENSG00000179774,ATOH7,bHLH,Yes
ENSG00000168874,ATOH8,bHLH,Yes
ENSG00000180535,BHLHA15,bHLH,Yes
ENSG00000205899,BHLHA9,bHLH,Yes
ENSG00000180828,BHLHE22,bHLH,Yes
ENSG00000125533,BHLHE23,bHLH,Yes
ENSG00000134107,BHLHE40,bHLH,Yes
ENSG00000123095,BHLHE41,bHLH,Yes
ENSG00000250709,CCDC169-SOHLH2,bHLH,Yes
ENSG00000134852,CLOCK,bHLH,Yes
ENSG00000116016,EPAS1,bHLH,Yes
ENSG00000146618,FERD3L,bHLH,Yes
ENSG00000183733,FIGLA,bHLH,Yes
ENSG00000113196,HAND1,bHLH,Yes
ENSG00000164107,HAND2,bHLH,Yes
ENSG00000187821,HELT,bHLH,Yes
ENSG00000114315,HES1,bHLH,Yes
ENSG00000069812,HES2,bHLH,Yes
ENSG00000173673,HES3,bHLH,Yes
ENSG00000188290,HES4,bHLH,Yes
ENSG00000197921,HES5,bHLH,Yes
ENSG00000144485,HES6,bHLH,Yes
ENSG00000179111,HES7,bHLH,Yes
ENSG00000164683,HEY1,bHLH,Yes
ENSG00000135547,HEY2,bHLH,Yes
ENSG00000163909,HEYL,bHLH,Yes
ENSG00000100644,HIF1A,bHLH,Yes
ENSG00000124440,HIF3A,bHLH,Yes
ENSG00000125968,ID1,bHLH,No
ENSG00000115738,ID2,bHLH,No
ENSG00000117318,ID3,bHLH,No
ENSG00000172201,ID4,bHLH,No
ENSG00000104903,LYL1,bHLH,Yes
ENSG00000125952,MAX,bHLH,Yes
ENSG00000166823,MESP1,bHLH,Yes
ENSG00000188095,MESP2,bHLH,Yes
ENSG00000187098,MITF,bHLH,Yes
ENSG00000108788,MLX,bHLH,Yes
ENSG00000175727,MLXIP,bHLH,Yes
ENSG00000009950,MLXIPL,bHLH,Yes
ENSG00000070444,MNT,bHLH,Yes
ENSG00000178860,MSC,bHLH,Yes
ENSG00000151379,MSGN1,bHLH,Yes
ENSG00000059728,MXD1,bHLH,Yes
ENSG00000213347,MXD3,bHLH,Yes
ENSG00000123933,MXD4,bHLH,Yes
ENSG00000119950,MXI1,bHLH,Yes
ENSG00000136997,MYC,bHLH,Yes
ENSG00000116990,MYCL,bHLH,Yes
ENSG00000134323,MYCN,bHLH,Yes
ENSG00000111049,MYF5,bHLH,Yes
ENSG00000111046,MYF6,bHLH,Yes
ENSG00000129152,MYOD1,bHLH,Yes
ENSG00000122180,MYOG,bHLH,Yes
ENSG00000084676,NCOA1,bHLH,Yes
ENSG00000140396,NCOA2,bHLH,Yes
ENSG00000124151,NCOA3,bHLH,Yes
ENSG00000162992,NEUROD1,bHLH,Yes
ENSG00000171532,NEUROD2,bHLH,Yes
ENSG00000123307,NEUROD4,bHLH,Yes
ENSG00000164600,NEUROD6,bHLH,Yes
ENSG00000181965,NEUROG1,bHLH,Yes
ENSG00000178403,NEUROG2,bHLH,Yes
ENSG00000122859,NEUROG3,bHLH,Yes
ENSG00000171786,NHLH1,bHLH,Yes
ENSG00000177551,NHLH2,bHLH,Yes
ENSG00000130751,NPAS1,bHLH,Yes
ENSG00000170485,NPAS2,bHLH,Yes
ENSG00000151322,NPAS3,bHLH,Yes
ENSG00000174576,NPAS4,bHLH,Yes
ENSG00000184221,OLIG1,bHLH,Yes
ENSG00000205927,OLIG2,bHLH,Yes
ENSG00000177468,OLIG3,bHLH,Yes
ENSG00000168267,PTF1A,bHLH,Yes
ENSG00000260428,SCX,bHLH,Yes
ENSG00000112246,SIM1,bHLH,Yes
ENSG00000159263,SIM2,bHLH,Yes
ENSG00000165643,SOHLH1,bHLH,Yes
ENSG00000120669,SOHLH2,bHLH,Yes
ENSG00000072310,SREBF1,bHLH,Yes
ENSG00000198911,SREBF2,bHLH,Yes
ENSG00000162367,TAL1,bHLH,Yes
ENSG00000186051,TAL2,bHLH,Yes
ENSG00000140262,TCF12,bHLH,Yes
ENSG00000125878,TCF15,bHLH,Yes
ENSG00000118526,TCF21,bHLH,Yes
ENSG00000163792,TCF23,bHLH,Yes
ENSG00000261787,TCF24,bHLH,Yes
ENSG00000071564,TCF3,bHLH,Yes
ENSG00000196628,TCF4,bHLH,Yes
ENSG00000101190,TCFL5,bHLH,Yes
ENSG00000090447,TFAP4,bHLH,Yes
ENSG00000068323,TFE3,bHLH,Yes
ENSG00000112561,TFEB,bHLH,Yes
ENSG00000105967,TFEC,bHLH,Yes
ENSG00000122691,TWIST1,bHLH,Yes
ENSG00000233608,TWIST2,bHLH,Yes
ENSG00000158773,USF1,bHLH,Yes
ENSG00000105698,USF2,bHLH,Yes
ENSG00000176542,USF3,bHLH,Yes
ENSG00000143157,POGK,Brinker,Yes
ENSG00000267281,AC023509.3,bZIP,Yes
ENSG00000115266,APC2,bZIP,No
ENSG00000123268,ATF1,bZIP,Yes
ENSG00000115966,ATF2,bZIP,Yes
ENSG00000162772,ATF3,bZIP,Yes
ENSG00000128272,ATF4,bZIP,Yes
ENSG00000169136,ATF5,bZIP,Yes
ENSG00000118217,ATF6,bZIP,Yes
ENSG00000213676,ATF6B,bZIP,Yes
ENSG00000170653,ATF7,bZIP,Yes
ENSG00000156273,BACH1,bZIP,Yes
ENSG00000112182,BACH2,bZIP,Yes
ENSG00000156127,BATF,bZIP,Yes
ENSG00000168062,BATF2,bZIP,Yes
ENSG00000123685,BATF3,bZIP,Yes
ENSG00000188848,BEND4,bZIP,No
ENSG00000151468,CCDC3,bZIP,No
ENSG00000150676,CCDC83,bZIP,No
ENSG00000245848,CEBPA,bZIP,Yes
ENSG00000172216,CEBPB,bZIP,Yes
ENSG00000221869,CEBPD,bZIP,Yes
ENSG00000092067,CEBPE,bZIP,Yes
ENSG00000153879,CEBPG,bZIP,Yes
ENSG00000118260,CREB1,bZIP,Yes
ENSG00000107175,CREB3,bZIP,Yes
ENSG00000157613,CREB3L1,bZIP,Yes
ENSG00000182158,CREB3L2,bZIP,Yes
ENSG00000060566,CREB3L3,bZIP,Yes
ENSG00000143578,CREB3L4,bZIP,Yes
ENSG00000146592,CREB5,bZIP,Yes
ENSG00000111269,CREBL2,bZIP,Yes
ENSG00000164463,CREBRF,bZIP,No
ENSG00000137504,CREBZF,bZIP,Yes
ENSG00000095794,CREM,bZIP,Yes
ENSG00000105516,DBP,bZIP,Yes
ENSG00000175197,DDIT3,bZIP,Yes
ENSG00000170345,FOS,bZIP,Yes
ENSG00000125740,FOSB,bZIP,Yes
ENSG00000175592,FOSL1,bZIP,Yes
ENSG00000075426,FOSL2,bZIP,Yes
ENSG00000144366,GULP1,bZIP,No
ENSG00000108924,HLF,bZIP,Yes
ENSG00000095066,HOOK2,bZIP,No
ENSG00000140575,IQGAP1,bZIP,No
ENSG00000140044,JDP2,bZIP,Yes
ENSG00000177606,JUN,bZIP,Yes
ENSG00000171223,JUNB,bZIP,Yes
ENSG00000130522,JUND,bZIP,Yes
ENSG00000163808,KIF15,bZIP,No
ENSG00000171401,KRT13,bZIP,No
ENSG00000178573,MAF,bZIP,Yes
ENSG00000182759,MAFA,bZIP,Yes
ENSG00000204103,MAFB,bZIP,Yes
ENSG00000185022,MAFF,bZIP,Yes
ENSG00000197063,MAFG,bZIP,Yes
ENSG00000198517,MAFK,bZIP,Yes
ENSG00000159256,MORC3,bZIP,No
ENSG00000080986,NDC80,bZIP,No
ENSG00000123405,NFE2,bZIP,Yes
ENSG00000082641,NFE2L1,bZIP,Yes
ENSG00000116044,NFE2L2,bZIP,Yes
ENSG00000050344,NFE2L3,bZIP,Yes
ENSG00000165030,NFIL3,bZIP,Yes
ENSG00000148572,NRBF2,bZIP,No
ENSG00000129535,NRL,bZIP,Yes
ENSG00000162869,PPP1R21,bZIP,No
ENSG00000131242,RAB11FIP4,bZIP,No
ENSG00000152193,RNF219,bZIP,No
ENSG00000153130,SCOC,bZIP,No
ENSG00000167074,TEF,bZIP,Yes
ENSG00000115993,TRAK2,bZIP,No
ENSG00000100219,XBP1,bZIP,Yes
ENSG00000267179,AC008770.3,C2H2 ZF,Yes
ENSG00000233757,AC092835.1,C2H2 ZF,Yes
ENSG00000264668,AC138696.1,C2H2 ZF,Yes
ENSG00000139154,AEBP2,C2H2 ZF,Yes
ENSG00000105127,AKAP8,C2H2 ZF,Yes
ENSG00000011243,AKAP8L,C2H2 ZF,Yes
ENSG00000163516,ANKZF1,C2H2 ZF,Yes
ENSG00000166454,ATMIN,C2H2 ZF,Yes
ENSG00000119866,BCL11A,C2H2 ZF,Yes
ENSG00000127152,BCL11B,C2H2 ZF,Yes
ENSG00000113916,BCL6,C2H2 ZF,Yes
ENSG00000161940,BCL6B,C2H2 ZF,Yes
ENSG00000169594,BNC1,C2H2 ZF,Yes
ENSG00000173068,BNC2,C2H2 ZF,Yes
ENSG00000130940,CASZ1,C2H2 ZF,Yes
ENSG00000159588,CCDC17,C2H2 ZF,Yes
ENSG00000198824,CHAMP1,C2H2 ZF,Yes
ENSG00000147183,CPXCR1,C2H2 ZF,Yes
ENSG00000102974,CTCF,C2H2 ZF,Yes
ENSG00000124092,CTCFL,C2H2 ZF,Yes
ENSG00000011332,DPF1,C2H2 ZF,Yes
ENSG00000205683,DPF3,C2H2 ZF,Yes
ENSG00000134874,DZIP1,C2H2 ZF,Yes
ENSG00000167967,E4F1,C2H2 ZF,Yes
ENSG00000102189,EEA1,C2H2 ZF,Yes
ENSG00000120738,EGR1,C2H2 ZF,Yes
ENSG00000122877,EGR2,C2H2 ZF,Yes
ENSG00000179388,EGR3,C2H2 ZF,Yes
ENSG00000135625,EGR4,C2H2 ZF,Yes
ENSG00000164334,FAM170A,C2H2 ZF,Yes
ENSG00000128610,FEZF1,C2H2 ZF,Yes
ENSG00000153266,FEZF2,C2H2 ZF,Yes
ENSG00000179943,FIZ1,C2H2 ZF,Yes
ENSG00000162676,GFI1,C2H2 ZF,Yes
ENSG00000165702,GFI1B,C2H2 ZF,Yes
ENSG00000111087,GLI1,C2H2 ZF,Yes
ENSG00000074047,GLI2,C2H2 ZF,Yes
ENSG00000106571,GLI3,C2H2 ZF,Yes
ENSG00000250571,GLI4,C2H2 ZF,Yes
ENSG00000174332,GLIS1,C2H2 ZF,Yes
ENSG00000126603,GLIS2,C2H2 ZF,Yes
ENSG00000107249,GLIS3,C2H2 ZF,Yes
ENSG00000122034,GTF3A,C2H2 ZF,Yes
ENSG00000125812,GZF1,C2H2 ZF,Yes
ENSG00000177374,HIC1,C2H2 ZF,Yes
ENSG00000169635,HIC2,C2H2 ZF,Yes
ENSG00000172273,HINFP,C2H2 ZF,Yes
ENSG00000095951,HIVEP1,C2H2 ZF,Yes
ENSG00000010818,HIVEP2,C2H2 ZF,Yes
ENSG00000127124,HIVEP3,C2H2 ZF,Yes
ENSG00000181666,HKR1,C2H2 ZF,Yes
ENSG00000185811,IKZF1,C2H2 ZF,Yes
ENSG00000030419,IKZF2,C2H2 ZF,Yes
ENSG00000161405,IKZF3,C2H2 ZF,Yes
ENSG00000123411,IKZF4,C2H2 ZF,Yes
ENSG00000095574,IKZF5,C2H2 ZF,Yes
ENSG00000173404,INSM1,C2H2 ZF,Yes
ENSG00000168348,INSM2,C2H2 ZF,Yes
ENSG00000153814,JAZF1,C2H2 ZF,Yes
ENSG00000136504,KAT7,C2H2 ZF,Yes
ENSG00000176407,KCMF1,C2H2 ZF,Yes
ENSG00000151657,KIN,C2H2 ZF,Yes
ENSG00000105610,KLF1,C2H2 ZF,Yes
ENSG00000155090,KLF10,C2H2 ZF,Yes
ENSG00000172059,KLF11,C2H2 ZF,Yes
ENSG00000118922,KLF12,C2H2 ZF,Yes
ENSG00000169926,KLF13,C2H2 ZF,Yes
ENSG00000266265,KLF14,C2H2 ZF,Yes
ENSG00000163884,KLF15,C2H2 ZF,Yes
ENSG00000129911,KLF16,C2H2 ZF,Yes
ENSG00000171872,KLF17,C2H2 ZF,Yes
ENSG00000127528,KLF2,C2H2 ZF,Yes
ENSG00000109787,KLF3,C2H2 ZF,Yes
ENSG00000136826,KLF4,C2H2 ZF,Yes
ENSG00000102554,KLF5,C2H2 ZF,Yes
ENSG00000067082,KLF6,C2H2 ZF,Yes
ENSG00000118263,KLF7,C2H2 ZF,Yes
ENSG00000102349,KLF8,C2H2 ZF,Yes
ENSG00000119138,KLF9,C2H2 ZF,Yes
ENSG00000185513,L3MBTL1,C2H2 ZF,Yes
ENSG00000198945,L3MBTL3,C2H2 ZF,Yes
ENSG00000154655,L3MBTL4,C2H2 ZF,Yes
ENSG00000103495,MAZ,C2H2 ZF,Yes
ENSG00000085276,MECOM,C2H2 ZF,Yes
ENSG00000188786,MTF1,C2H2 ZF,Yes
ENSG00000085274,MYNN,C2H2 ZF,Yes
ENSG00000196132,MYT1,C2H2 ZF,Yes
ENSG00000186487,MYT1L,C2H2 ZF,Yes
ENSG00000099326,MZF1,C2H2 ZF,Yes
ENSG00000083635,NUFIP1,C2H2 ZF,No
ENSG00000143867,OSR1,C2H2 ZF,Yes
ENSG00000164920,OSR2,C2H2 ZF,Yes
ENSG00000172818,OVOL1,C2H2 ZF,Yes
ENSG00000125850,OVOL2,C2H2 ZF,Yes
ENSG00000105261,OVOL3,C2H2 ZF,Yes
ENSG00000198300,PEG3,C2H2 ZF,Yes
ENSG00000181690,PLAG1,C2H2 ZF,Yes
ENSG00000118495,PLAGL1,C2H2 ZF,Yes
ENSG00000126003,PLAGL2,C2H2 ZF,Yes
ENSG00000057657,PRDM1,C2H2 ZF,Yes
ENSG00000170325,PRDM10,C2H2 ZF,Yes
ENSG00000130711,PRDM12,C2H2 ZF,Yes
ENSG00000112238,PRDM13,C2H2 ZF,Yes
ENSG00000147596,PRDM14,C2H2 ZF,Yes
ENSG00000141956,PRDM15,C2H2 ZF,Yes
ENSG00000142611,PRDM16,C2H2 ZF,Yes
ENSG00000116731,PRDM2,C2H2 ZF,Yes
ENSG00000110851,PRDM4,C2H2 ZF,Yes
ENSG00000138738,PRDM5,C2H2 ZF,Yes
ENSG00000061455,PRDM6,C2H2 ZF,Yes
ENSG00000152784,PRDM8,C2H2 ZF,Yes
ENSG00000164256,PRDM9,C2H2 ZF,Yes
ENSG00000185238,PRMT3,C2H2 ZF,Yes
ENSG00000146587,RBAK,C2H2 ZF,Yes
ENSG00000131381,RBSN,C2H2 ZF,Yes
ENSG00000214022,REPIN1,C2H2 ZF,Yes
ENSG00000084093,REST,C2H2 ZF,Yes
ENSG00000117000,RLF,C2H2 ZF,Yes
ENSG00000124782,RREB1,C2H2 ZF,Yes
ENSG00000103449,SALL1,C2H2 ZF,Yes
ENSG00000165821,SALL2,C2H2 ZF,Yes
ENSG00000256463,SALL3,C2H2 ZF,Yes
ENSG00000101115,SALL4,C2H2 ZF,Yes
ENSG00000261678,SCRT1,C2H2 ZF,Yes
ENSG00000215397,SCRT2,C2H2 ZF,Yes
ENSG00000125520,SLC2A4RG,C2H2 ZF,Yes
ENSG00000124216,SNAI1,C2H2 ZF,Yes
ENSG00000019549,SNAI2,C2H2 ZF,Yes
ENSG00000185669,SNAI3,C2H2 ZF,Yes
ENSG00000185591,SP1,C2H2 ZF,Yes
ENSG00000167182,SP2,C2H2 ZF,Yes
ENSG00000172845,SP3,C2H2 ZF,Yes
ENSG00000105866,SP4,C2H2 ZF,Yes
ENSG00000204335,SP5,C2H2 ZF,Yes
ENSG00000189120,SP6,C2H2 ZF,Yes
ENSG00000170374,SP7,C2H2 ZF,Yes
ENSG00000164651,SP8,C2H2 ZF,Yes
ENSG00000217236,SP9,C2H2 ZF,Yes
ENSG00000147488,ST18,C2H2 ZF,Yes
ENSG00000135148,TRAFD1,C2H2 ZF,Yes
ENSG00000179981,TSHZ1,C2H2 ZF,Yes
ENSG00000182463,TSHZ2,C2H2 ZF,Yes
ENSG00000121297,TSHZ3,C2H2 ZF,Yes
ENSG00000136451,VEZF1,C2H2 ZF,Yes
ENSG00000011451,WIZ,C2H2 ZF,Yes
ENSG00000184937,WT1,C2H2 ZF,Yes
ENSG00000100811,YY1,C2H2 ZF,Yes
ENSG00000230797,YY2,C2H2 ZF,Yes
ENSG00000126804,ZBTB1,C2H2 ZF,Yes
ENSG00000205189,ZBTB10,C2H2 ZF,Yes
ENSG00000066422,ZBTB11,C2H2 ZF,Yes
ENSG00000204366,ZBTB12,C2H2 ZF,Yes
ENSG00000198081,ZBTB14,C2H2 ZF,Yes
ENSG00000109906,ZBTB16,C2H2 ZF,Yes
ENSG00000116809,ZBTB17,C2H2 ZF,Yes
ENSG00000179456,ZBTB18,C2H2 ZF,Yes
ENSG00000181472,ZBTB2,C2H2 ZF,Yes
ENSG00000181722,ZBTB20,C2H2 ZF,Yes
ENSG00000173276,ZBTB21,C2H2 ZF,Yes
ENSG00000236104,ZBTB22,C2H2 ZF,Yes
ENSG00000089775,ZBTB25,C2H2 ZF,Yes
ENSG00000171448,ZBTB26,C2H2 ZF,Yes
ENSG00000185670,ZBTB3,C2H2 ZF,Yes
ENSG00000011590,ZBTB32,C2H2 ZF,Yes
ENSG00000177485,ZBTB33,C2H2 ZF,Yes
ENSG00000177125,ZBTB34,C2H2 ZF,Yes
ENSG00000185278,ZBTB37,C2H2 ZF,Yes
ENSG00000177311,ZBTB38,C2H2 ZF,Yes
ENSG00000166860,ZBTB39,C2H2 ZF,Yes
ENSG00000174282,ZBTB4,C2H2 ZF,Yes
ENSG00000184677,ZBTB40,C2H2 ZF,Yes
ENSG00000177888,ZBTB41,C2H2 ZF,Yes
ENSG00000179627,ZBTB42,C2H2 ZF,Yes
ENSG00000169155,ZBTB43,C2H2 ZF,Yes
ENSG00000196323,ZBTB44,C2H2 ZF,Yes
ENSG00000119574,ZBTB45,C2H2 ZF,Yes
ENSG00000130584,ZBTB46,C2H2 ZF,Yes
ENSG00000114853,ZBTB47,C2H2 ZF,Yes
ENSG00000204859,ZBTB48,C2H2 ZF,Yes
ENSG00000168826,ZBTB49,C2H2 ZF,Yes
ENSG00000168795,ZBTB5,C2H2 ZF,Yes
ENSG00000186130,ZBTB6,C2H2 ZF,Yes
ENSG00000178951,ZBTB7A,C2H2 ZF,Yes
ENSG00000160685,ZBTB7B,C2H2 ZF,Yes
ENSG00000184828,ZBTB7C,C2H2 ZF,Yes
ENSG00000160062,ZBTB8A,C2H2 ZF,Yes
ENSG00000273274,ZBTB8B,C2H2 ZF,Yes
ENSG00000213588,ZBTB9,C2H2 ZF,Yes
ENSG00000066827,ZFAT,C2H2 ZF,Yes
ENSG00000184517,ZFP1,C2H2 ZF,Yes
ENSG00000142065,ZFP14,C2H2 ZF,Yes
ENSG00000198939,ZFP2,C2H2 ZF,Yes
ENSG00000196867,ZFP28,C2H2 ZF,Yes
ENSG00000180787,ZFP3,C2H2 ZF,Yes
ENSG00000120784,ZFP30,C2H2 ZF,Yes
ENSG00000136866,ZFP37,C2H2 ZF,Yes
ENSG00000181638,ZFP41,C2H2 ZF,Yes
ENSG00000179059,ZFP42,C2H2 ZF,Yes
ENSG00000204644,ZFP57,C2H2 ZF,Yes
ENSG00000196670,ZFP62,C2H2 ZF,Yes
ENSG00000020256,ZFP64,C2H2 ZF,Yes
ENSG00000187815,ZFP69,C2H2 ZF,Yes
ENSG00000187801,ZFP69B,C2H2 ZF,Yes
ENSG00000181007,ZFP82,C2H2 ZF,Yes
ENSG00000184939,ZFP90,C2H2 ZF,Yes
ENSG00000186660,ZFP91,C2H2 ZF,Yes
ENSG00000189420,ZFP92,C2H2 ZF,Yes
ENSG00000162300,ZFPL1,C2H2 ZF,No
ENSG00000179588,ZFPM1,C2H2 ZF,Yes
ENSG00000169946,ZFPM2,C2H2 ZF,Yes
ENSG00000056097,ZFR,C2H2 ZF,No
ENSG00000105278,ZFR2,C2H2 ZF,No
ENSG00000005889,ZFX,C2H2 ZF,Yes
ENSG00000067646,ZFY,C2H2 ZF,Yes
ENSG00000152977,ZIC1,C2H2 ZF,Yes
ENSG00000043355,ZIC2,C2H2 ZF,Yes
ENSG00000156925,ZIC3,C2H2 ZF,Yes
ENSG00000174963,ZIC4,C2H2 ZF,Yes
ENSG00000139800,ZIC5,C2H2 ZF,Yes
ENSG00000171649,ZIK1,C2H2 ZF,Yes
ENSG00000269699,ZIM2,C2H2 ZF,Yes
ENSG00000141946,ZIM3,C2H2 ZF,Yes
ENSG00000106261,ZKSCAN1,C2H2 ZF,Yes
ENSG00000155592,ZKSCAN2,C2H2 ZF,Yes
ENSG00000189298,ZKSCAN3,C2H2 ZF,Yes
ENSG00000187626,ZKSCAN4,C2H2 ZF,Yes
ENSG00000196652,ZKSCAN5,C2H2 ZF,Yes
ENSG00000196345,ZKSCAN7,C2H2 ZF,Yes
ENSG00000198315,ZKSCAN8,C2H2 ZF,Yes
ENSG00000166432,ZMAT1,C2H2 ZF,Yes
ENSG00000172667,ZMAT3,C2H2 ZF,No
ENSG00000165061,ZMAT4,C2H2 ZF,Yes
ENSG00000256223,ZNF10,C2H2 ZF,Yes
ENSG00000197020,ZNF100,C2H2 ZF,Yes
ENSG00000181896,ZNF101,C2H2 ZF,Yes
ENSG00000103994,ZNF106,C2H2 ZF,No
ENSG00000196247,ZNF107,C2H2 ZF,Yes
ENSG00000062370,ZNF112,C2H2 ZF,Yes
ENSG00000178150,ZNF114,C2H2 ZF,Yes
ENSG00000152926,ZNF117,C2H2 ZF,Yes
ENSG00000164631,ZNF12,C2H2 ZF,Yes
ENSG00000197961,ZNF121,C2H2 ZF,Yes
ENSG00000196418,ZNF124,C2H2 ZF,Yes
ENSG00000172262,ZNF131,C2H2 ZF,Yes
ENSG00000131849,ZNF132,C2H2 ZF,Yes
ENSG00000125846,ZNF133,C2H2 ZF,Yes
ENSG00000213762,ZNF134,C2H2 ZF,Yes
ENSG00000176293,ZNF135,C2H2 ZF,Yes
ENSG00000196646,ZNF136,C2H2 ZF,Yes
ENSG00000197008,ZNF138,C2H2 ZF,Yes
ENSG00000105708,ZNF14,C2H2 ZF,Yes
ENSG00000196387,ZNF140,C2H2 ZF,Yes
ENSG00000131127,ZNF141,C2H2 ZF,Yes
ENSG00000115568,ZNF142,C2H2 ZF,Yes
ENSG00000166478,ZNF143,C2H2 ZF,Yes
ENSG00000167635,ZNF146,C2H2 ZF,Yes
ENSG00000163848,ZNF148,C2H2 ZF,Yes
ENSG00000179909,ZNF154,C2H2 ZF,Yes
ENSG00000204920,ZNF155,C2H2 ZF,Yes
ENSG00000147117,ZNF157,C2H2 ZF,Yes
ENSG00000170631,ZNF16,C2H2 ZF,Yes
ENSG00000170949,ZNF160,C2H2 ZF,Yes
ENSG00000197279,ZNF165,C2H2 ZF,Yes
ENSG00000175787,ZNF169,C2H2 ZF,Yes
ENSG00000186272,ZNF17,C2H2 ZF,Yes
ENSG00000103343,ZNF174,C2H2 ZF,Yes
ENSG00000105497,ZNF175,C2H2 ZF,Yes
ENSG00000188629,ZNF177,C2H2 ZF,Yes
ENSG00000154957,ZNF18,C2H2 ZF,Yes
ENSG00000167384,ZNF180,C2H2 ZF,Yes
ENSG00000197841,ZNF181,C2H2 ZF,Yes
ENSG00000147118,ZNF182,C2H2 ZF,Yes
ENSG00000096654,ZNF184,C2H2 ZF,Yes
ENSG00000136870,ZNF189,C2H2 ZF,Yes
ENSG00000157429,ZNF19,C2H2 ZF,Yes
ENSG00000005801,ZNF195,C2H2 ZF,Yes
ENSG00000186448,ZNF197,C2H2 ZF,Yes
ENSG00000275111,ZNF2,C2H2 ZF,Yes
ENSG00000132010,ZNF20,C2H2 ZF,Yes
ENSG00000010539,ZNF200,C2H2 ZF,Yes
ENSG00000166261,ZNF202,C2H2 ZF,Yes
ENSG00000122386,ZNF205,C2H2 ZF,Yes
ENSG00000010244,ZNF207,C2H2 ZF,Yes
ENSG00000160321,ZNF208,C2H2 ZF,Yes
ENSG00000121417,ZNF211,C2H2 ZF,Yes
ENSG00000170260,ZNF212,C2H2 ZF,Yes
ENSG00000085644,ZNF213,C2H2 ZF,Yes
ENSG00000149050,ZNF214,C2H2 ZF,Yes
ENSG00000149054,ZNF215,C2H2 ZF,Yes
ENSG00000171940,ZNF217,C2H2 ZF,Yes
ENSG00000165804,ZNF219,C2H2 ZF,Yes
ENSG00000165512,ZNF22,C2H2 ZF,Yes
ENSG00000159905,ZNF221,C2H2 ZF,Yes
ENSG00000159885,ZNF222,C2H2 ZF,Yes
ENSG00000178386,ZNF223,C2H2 ZF,Yes
ENSG00000267680,ZNF224,C2H2 ZF,Yes
ENSG00000256294,ZNF225,C2H2 ZF,Yes
ENSG00000167380,ZNF226,C2H2 ZF,Yes
ENSG00000131115,ZNF227,C2H2 ZF,Yes
ENSG00000278318,ZNF229,C2H2 ZF,Yes
ENSG00000167377,ZNF23,C2H2 ZF,Yes
ENSG00000159882,ZNF230,C2H2 ZF,Yes
ENSG00000167840,ZNF232,C2H2 ZF,Yes
ENSG00000159915,ZNF233,C2H2 ZF,Yes
ENSG00000263002,ZNF234,C2H2 ZF,Yes
ENSG00000159917,ZNF235,C2H2 ZF,Yes
ENSG00000130856,ZNF236,C2H2 ZF,Yes
ENSG00000196793,ZNF239,C2H2 ZF,Yes
ENSG00000172466,ZNF24,C2H2 ZF,Yes
ENSG00000198105,ZNF248,C2H2 ZF,Yes
ENSG00000175395,ZNF25,C2H2 ZF,Yes
ENSG00000196150,ZNF250,C2H2 ZF,Yes
ENSG00000198169,ZNF251,C2H2 ZF,Yes
ENSG00000256771,ZNF253,C2H2 ZF,Yes
ENSG00000213096,ZNF254,C2H2 ZF,Yes
ENSG00000152454,ZNF256,C2H2 ZF,Yes
ENSG00000197134,ZNF257,C2H2 ZF,Yes
ENSG00000198393,ZNF26,C2H2 ZF,Yes
ENSG00000254004,ZNF260,C2H2 ZF,Yes
ENSG00000006194,ZNF263,C2H2 ZF,Yes
ENSG00000083844,ZNF264,C2H2 ZF,Yes
ENSG00000174652,ZNF266,C2H2 ZF,Yes
ENSG00000185947,ZNF267,C2H2 ZF,Yes
ENSG00000090612,ZNF268,C2H2 ZF,Yes
ENSG00000198039,ZNF273,C2H2 ZF,Yes
ENSG00000171606,ZNF274,C2H2 ZF,Yes
ENSG00000063587,ZNF275,C2H2 ZF,Yes
ENSG00000158805,ZNF276,C2H2 ZF,Yes
ENSG00000198538,ZNF28,C2H2 ZF,Yes
ENSG00000169548,ZNF280A,C2H2 ZF,Yes
ENSG00000275004,ZNF280B,C2H2 ZF,Yes
ENSG00000056277,ZNF280C,C2H2 ZF,Yes
ENSG00000137871,ZNF280D,C2H2 ZF,Yes
ENSG00000162702,ZNF281,C2H2 ZF,Yes
ENSG00000170265,ZNF282,C2H2 ZF,Yes
ENSG00000167637,ZNF283,C2H2 ZF,Yes
ENSG00000186026,ZNF284,C2H2 ZF,Yes
ENSG00000267508,ZNF285,C2H2 ZF,Yes
ENSG00000187607,ZNF286A,C2H2 ZF,Yes
ENSG00000249459,ZNF286B,C2H2 ZF,Yes
ENSG00000141040,ZNF287,C2H2 ZF,Yes
ENSG00000188994,ZNF292,C2H2 ZF,Yes
ENSG00000170684,ZNF296,C2H2 ZF,Yes
ENSG00000166526,ZNF3,C2H2 ZF,Yes
ENSG00000168661,ZNF30,C2H2 ZF,Yes
ENSG00000145908,ZNF300,C2H2 ZF,Yes
ENSG00000089335,ZNF302,C2H2 ZF,Yes
ENSG00000131845,ZNF304,C2H2 ZF,Yes
ENSG00000197935,ZNF311,C2H2 ZF,Yes
ENSG00000205903,ZNF316,C2H2 ZF,Yes
ENSG00000130803,ZNF317,C2H2 ZF,Yes
ENSG00000171467,ZNF318,C2H2 ZF,Yes
ENSG00000166188,ZNF319,C2H2 ZF,Yes
ENSG00000169740,ZNF32,C2H2 ZF,Yes
ENSG00000182986,ZNF320,C2H2 ZF,Yes
ENSG00000181315,ZNF322,C2H2 ZF,Yes
ENSG00000083812,ZNF324,C2H2 ZF,Yes
ENSG00000249471,ZNF324B,C2H2 ZF,Yes
ENSG00000162664,ZNF326,C2H2 ZF,Yes
ENSG00000181894,ZNF329,C2H2 ZF,Yes
ENSG00000130844,ZNF331,C2H2 ZF,Yes
ENSG00000160961,ZNF333,C2H2 ZF,Yes
ENSG00000198185,ZNF334,C2H2 ZF,Yes
ENSG00000198026,ZNF335,C2H2 ZF,Yes
ENSG00000130684,ZNF337,C2H2 ZF,Yes
ENSG00000189180,ZNF33A,C2H2 ZF,Yes
ENSG00000196693,ZNF33B,C2H2 ZF,Yes
ENSG00000196378,ZNF34,C2H2 ZF,Yes
ENSG00000131061,ZNF341,C2H2 ZF,Yes
ENSG00000088876,ZNF343,C2H2 ZF,Yes
ENSG00000251247,ZNF345,C2H2 ZF,Yes
ENSG00000113761,ZNF346,C2H2 ZF,Yes
ENSG00000197937,ZNF347,C2H2 ZF,Yes
ENSG00000169981,ZNF35,C2H2 ZF,Yes
ENSG00000256683,ZNF350,C2H2 ZF,Yes
ENSG00000169131,ZNF354A,C2H2 ZF,Yes
ENSG00000178338,ZNF354B,C2H2 ZF,Yes
ENSG00000177932,ZNF354C,C2H2 ZF,Yes
ENSG00000168122,ZNF355P,C2H2 ZF,No
ENSG00000198816,ZNF358,C2H2 ZF,Yes
ENSG00000160094,ZNF362,C2H2 ZF,Yes
ENSG00000138311,ZNF365,C2H2 ZF,Yes
ENSG00000178175,ZNF366,C2H2 ZF,Yes
ENSG00000165244,ZNF367,C2H2 ZF,Yes
ENSG00000075407,ZNF37A,C2H2 ZF,Yes
ENSG00000161298,ZNF382,C2H2 ZF,Yes
ENSG00000188283,ZNF383,C2H2 ZF,Yes
ENSG00000126746,ZNF384,C2H2 ZF,Yes
ENSG00000161642,ZNF385A,C2H2 ZF,Yes
ENSG00000144331,ZNF385B,C2H2 ZF,Yes
ENSG00000187595,ZNF385C,C2H2 ZF,Yes
ENSG00000151789,ZNF385D,C2H2 ZF,Yes
ENSG00000124613,ZNF391,C2H2 ZF,Yes
ENSG00000160908,ZNF394,C2H2 ZF,Yes
ENSG00000186918,ZNF395,C2H2 ZF,Yes
ENSG00000186496,ZNF396,C2H2 ZF,Yes
ENSG00000186812,ZNF397,C2H2 ZF,Yes
ENSG00000197024,ZNF398,C2H2 ZF,Yes
ENSG00000176222,ZNF404,C2H2 ZF,Yes
ENSG00000215421,ZNF407,C2H2 ZF,Yes
ENSG00000175213,ZNF408,C2H2 ZF,Yes
ENSG00000147124,ZNF41,C2H2 ZF,Yes
ENSG00000119725,ZNF410,C2H2 ZF,Yes
ENSG00000133250,ZNF414,C2H2 ZF,Yes
ENSG00000170954,ZNF415,C2H2 ZF,Yes
ENSG00000083817,ZNF416,C2H2 ZF,Yes
ENSG00000173480,ZNF417,C2H2 ZF,Yes
ENSG00000196724,ZNF418,C2H2 ZF,Yes
ENSG00000105136,ZNF419,C2H2 ZF,Yes
ENSG00000197050,ZNF420,C2H2 ZF,Yes
ENSG00000102935,ZNF423,C2H2 ZF,Yes
ENSG00000204947,ZNF425,C2H2 ZF,Yes
ENSG00000130818,ZNF426,C2H2 ZF,Yes
ENSG00000131116,ZNF428,C2H2 ZF,Yes
ENSG00000197013,ZNF429,C2H2 ZF,Yes
ENSG00000198521,ZNF43,C2H2 ZF,Yes
ENSG00000118620,ZNF430,C2H2 ZF,Yes
ENSG00000196705,ZNF431,C2H2 ZF,Yes
ENSG00000256087,ZNF432,C2H2 ZF,Yes
ENSG00000197647,ZNF433,C2H2 ZF,Yes
ENSG00000125945,ZNF436,C2H2 ZF,Yes
ENSG00000183621,ZNF438,C2H2 ZF,Yes
ENSG00000171291,ZNF439,C2H2 ZF,Yes
ENSG00000197857,ZNF44,C2H2 ZF,Yes
ENSG00000171295,ZNF440,C2H2 ZF,Yes
ENSG00000197044,ZNF441,C2H2 ZF,Yes
ENSG00000198342,ZNF442,C2H2 ZF,Yes
ENSG00000180855,ZNF443,C2H2 ZF,Yes
ENSG00000167685,ZNF444,C2H2 ZF,Yes
ENSG00000185219,ZNF445,C2H2 ZF,Yes
ENSG00000083838,ZNF446,C2H2 ZF,Yes
ENSG00000173275,ZNF449,C2H2 ZF,Yes
ENSG00000124459,ZNF45,C2H2 ZF,Yes
ENSG00000112200,ZNF451,C2H2 ZF,Yes
ENSG00000178187,ZNF454,C2H2 ZF,Yes
ENSG00000197714,ZNF460,C2H2 ZF,Yes
ENSG00000197808,ZNF461,C2H2 ZF,Yes
ENSG00000148143,ZNF462,C2H2 ZF,Yes
ENSG00000181444,ZNF467,C2H2 ZF,Yes
ENSG00000204604,ZNF468,C2H2 ZF,Yes
ENSG00000225614,ZNF469,C2H2 ZF,Yes
ENSG00000197016,ZNF470,C2H2 ZF,Yes
ENSG00000196263,ZNF471,C2H2 ZF,Yes
ENSG00000142528,ZNF473,C2H2 ZF,Yes
ENSG00000164185,ZNF474,C2H2 ZF,Yes
ENSG00000185177,ZNF479,C2H2 ZF,Yes
ENSG00000180035,ZNF48,C2H2 ZF,Yes
ENSG00000198464,ZNF480,C2H2 ZF,Yes
ENSG00000173258,ZNF483,C2H2 ZF,Yes
ENSG00000127081,ZNF484,C2H2 ZF,Yes
ENSG00000198298,ZNF485,C2H2 ZF,Yes
ENSG00000256229,ZNF486,C2H2 ZF,Yes
ENSG00000243660,ZNF487,C2H2 ZF,Yes
ENSG00000265763,ZNF488,C2H2 ZF,Yes
ENSG00000188033,ZNF490,C2H2 ZF,Yes
ENSG00000177599,ZNF491,C2H2 ZF,Yes
ENSG00000229676,ZNF492,C2H2 ZF,Yes
ENSG00000196268,ZNF493,C2H2 ZF,Yes
ENSG00000162714,ZNF496,C2H2 ZF,Yes
ENSG00000174586,ZNF497,C2H2 ZF,Yes
ENSG00000103199,ZNF500,C2H2 ZF,Yes
ENSG00000186446,ZNF501,C2H2 ZF,Yes
ENSG00000196653,ZNF502,C2H2 ZF,Yes
ENSG00000165655,ZNF503,C2H2 ZF,Yes
ENSG00000081665,ZNF506,C2H2 ZF,Yes
ENSG00000168813,ZNF507,C2H2 ZF,Yes
ENSG00000081386,ZNF510,C2H2 ZF,Yes
ENSG00000198546,ZNF511,C2H2 ZF,Yes
ENSG00000196700,ZNF512B,C2H2 ZF,Yes
ENSG00000163795,ZNF513,C2H2 ZF,Yes
ENSG00000144026,ZNF514,C2H2 ZF,Yes
ENSG00000101493,ZNF516,C2H2 ZF,Yes
ENSG00000197363,ZNF517,C2H2 ZF,Yes
ENSG00000177853,ZNF518A,C2H2 ZF,Yes
ENSG00000178163,ZNF518B,C2H2 ZF,Yes
ENSG00000175322,ZNF519,C2H2 ZF,Yes
ENSG00000198795,ZNF521,C2H2 ZF,Yes
ENSG00000203326,ZNF525,C2H2 ZF,Yes
ENSG00000167625,ZNF526,C2H2 ZF,Yes
ENSG00000189164,ZNF527,C2H2 ZF,Yes
ENSG00000167555,ZNF528,C2H2 ZF,Yes
ENSG00000186020,ZNF529,C2H2 ZF,Yes
ENSG00000183647,ZNF530,C2H2 ZF,Yes
ENSG00000074657,ZNF532,C2H2 ZF,Yes
ENSG00000198633,ZNF534,C2H2 ZF,Yes
ENSG00000198597,ZNF536,C2H2 ZF,Yes
ENSG00000171817,ZNF540,C2H2 ZF,Yes
ENSG00000240225,ZNF542P,C2H2 ZF,No
ENSG00000178229,ZNF543,C2H2 ZF,Yes
ENSG00000198131,ZNF544,C2H2 ZF,Yes
ENSG00000187187,ZNF546,C2H2 ZF,Yes
ENSG00000152433,ZNF547,C2H2 ZF,Yes
ENSG00000188785,ZNF548,C2H2 ZF,Yes
ENSG00000121406,ZNF549,C2H2 ZF,Yes
ENSG00000251369,ZNF550,C2H2 ZF,Yes
ENSG00000204519,ZNF551,C2H2 ZF,Yes
ENSG00000178935,ZNF552,C2H2 ZF,Yes
ENSG00000172006,ZNF554,C2H2 ZF,Yes
ENSG00000186300,ZNF555,C2H2 ZF,Yes
ENSG00000172000,ZNF556,C2H2 ZF,Yes
ENSG00000130544,ZNF557,C2H2 ZF,Yes
ENSG00000167785,ZNF558,C2H2 ZF,Yes
ENSG00000188321,ZNF559,C2H2 ZF,Yes
ENSG00000198028,ZNF560,C2H2 ZF,Yes
ENSG00000171469,ZNF561,C2H2 ZF,Yes
ENSG00000171466,ZNF562,C2H2 ZF,Yes
ENSG00000188868,ZNF563,C2H2 ZF,Yes
ENSG00000249709,ZNF564,C2H2 ZF,Yes
ENSG00000196357,ZNF565,C2H2 ZF,Yes
ENSG00000186017,ZNF566,C2H2 ZF,Yes
ENSG00000189042,ZNF567,C2H2 ZF,Yes
ENSG00000198453,ZNF568,C2H2 ZF,Yes
ENSG00000196437,ZNF569,C2H2 ZF,Yes
ENSG00000171970,ZNF57,C2H2 ZF,Yes
ENSG00000171827,ZNF570,C2H2 ZF,Yes
ENSG00000180479,ZNF571,C2H2 ZF,Yes
ENSG00000180938,ZNF572,C2H2 ZF,Yes
ENSG00000189144,ZNF573,C2H2 ZF,Yes
ENSG00000105732,ZNF574,C2H2 ZF,Yes
ENSG00000176472,ZNF575,C2H2 ZF,Yes
ENSG00000124444,ZNF576,C2H2 ZF,Yes
ENSG00000161551,ZNF577,C2H2 ZF,Yes
ENSG00000258405,ZNF578,C2H2 ZF,Yes
ENSG00000218891,ZNF579,C2H2 ZF,Yes
ENSG00000213015,ZNF580,C2H2 ZF,Yes
ENSG00000171425,ZNF581,C2H2 ZF,Yes
ENSG00000018869,ZNF582,C2H2 ZF,Yes
ENSG00000198440,ZNF583,C2H2 ZF,Yes
ENSG00000171574,ZNF584,C2H2 ZF,Yes
ENSG00000196967,ZNF585A,C2H2 ZF,Yes
ENSG00000245680,ZNF585B,C2H2 ZF,Yes
ENSG00000083828,ZNF586,C2H2 ZF,Yes
ENSG00000198466,ZNF587,C2H2 ZF,Yes
ENSG00000269343,ZNF587B,C2H2 ZF,Yes
ENSG00000164048,ZNF589,C2H2 ZF,Yes
ENSG00000166716,ZNF592,C2H2 ZF,Yes
ENSG00000142684,ZNF593,C2H2 ZF,No
ENSG00000180626,ZNF594,C2H2 ZF,Yes
ENSG00000272602,ZNF595,C2H2 ZF,Yes
ENSG00000172748,ZNF596,C2H2 ZF,Yes
ENSG00000167981,ZNF597,C2H2 ZF,Yes
ENSG00000167962,ZNF598,C2H2 ZF,Yes
ENSG00000153896,ZNF599,C2H2 ZF,Yes
ENSG00000189190,ZNF600,C2H2 ZF,Yes
ENSG00000196458,ZNF605,C2H2 ZF,Yes
ENSG00000166704,ZNF606,C2H2 ZF,Yes
ENSG00000198182,ZNF607,C2H2 ZF,Yes
ENSG00000168916,ZNF608,C2H2 ZF,Yes
ENSG00000180357,ZNF609,C2H2 ZF,Yes
ENSG00000167554,ZNF610,C2H2 ZF,Yes
ENSG00000213020,ZNF611,C2H2 ZF,Yes
ENSG00000176024,ZNF613,C2H2 ZF,Yes
ENSG00000142556,ZNF614,C2H2 ZF,Yes
ENSG00000197619,ZNF615,C2H2 ZF,Yes
ENSG00000204611,ZNF616,C2H2 ZF,Yes
ENSG00000157657,ZNF618,C2H2 ZF,Yes
ENSG00000177873,ZNF619,C2H2 ZF,Yes
ENSG00000177842,ZNF620,C2H2 ZF,Yes
ENSG00000172888,ZNF621,C2H2 ZF,Yes
ENSG00000173545,ZNF622,C2H2 ZF,No
ENSG00000183309,ZNF623,C2H2 ZF,Yes
ENSG00000197566,ZNF624,C2H2 ZF,Yes
ENSG00000257591,ZNF625,C2H2 ZF,Yes
ENSG00000188171,ZNF626,C2H2 ZF,Yes
ENSG00000198551,ZNF627,C2H2 ZF,Yes
ENSG00000197483,ZNF628,C2H2 ZF,Yes
ENSG00000102870,ZNF629,C2H2 ZF,Yes
ENSG00000221994,ZNF630,C2H2 ZF,Yes
ENSG00000121864,ZNF639,C2H2 ZF,Yes
ENSG00000167528,ZNF641,C2H2 ZF,Yes
ENSG00000122482,ZNF644,C2H2 ZF,Yes
ENSG00000175809,ZNF645,C2H2 ZF,Yes
ENSG00000167395,ZNF646,C2H2 ZF,Yes
ENSG00000179930,ZNF648,C2H2 ZF,Yes
ENSG00000198093,ZNF649,C2H2 ZF,Yes
ENSG00000198740,ZNF652,C2H2 ZF,Yes
ENSG00000175105,ZNF654,C2H2 ZF,Yes
ENSG00000197343,ZNF655,C2H2 ZF,Yes
ENSG00000274349,ZNF658,C2H2 ZF,Yes
ENSG00000160229,ZNF66,C2H2 ZF,Yes
ENSG00000144792,ZNF660,C2H2 ZF,Yes
ENSG00000182983,ZNF662,C2H2 ZF,Yes
ENSG00000179195,ZNF664,C2H2 ZF,Yes
ENSG00000197497,ZNF665,C2H2 ZF,Yes
ENSG00000198046,ZNF667,C2H2 ZF,Yes
ENSG00000167394,ZNF668,C2H2 ZF,Yes
ENSG00000188295,ZNF669,C2H2 ZF,Yes
ENSG00000277462,ZNF670,C2H2 ZF,Yes
ENSG00000083814,ZNF671,C2H2 ZF,Yes
ENSG00000171161,ZNF672,C2H2 ZF,Yes
ENSG00000251192,ZNF674,C2H2 ZF,Yes
ENSG00000197372,ZNF675,C2H2 ZF,Yes
ENSG00000196109,ZNF676,C2H2 ZF,Yes
ENSG00000197928,ZNF677,C2H2 ZF,Yes
ENSG00000181450,ZNF678,C2H2 ZF,Yes
ENSG00000197123,ZNF679,C2H2 ZF,Yes
ENSG00000173041,ZNF680,C2H2 ZF,Yes
ENSG00000196172,ZNF681,C2H2 ZF,Yes
ENSG00000197124,ZNF682,C2H2 ZF,Yes
ENSG00000176083,ZNF683,C2H2 ZF,Yes
ENSG00000117010,ZNF684,C2H2 ZF,Yes
ENSG00000143373,ZNF687,C2H2 ZF,Yes
ENSG00000229809,ZNF688,C2H2 ZF,Yes
ENSG00000156853,ZNF689,C2H2 ZF,Yes
ENSG00000198429,ZNF69,C2H2 ZF,Yes
ENSG00000164011,ZNF691,C2H2 ZF,Yes
ENSG00000171163,ZNF692,C2H2 ZF,Yes
ENSG00000197472,ZNF695,C2H2 ZF,Yes
ENSG00000185730,ZNF696,C2H2 ZF,Yes
ENSG00000143067,ZNF697,C2H2 ZF,Yes
ENSG00000196110,ZNF699,C2H2 ZF,Yes
ENSG00000147789,ZNF7,C2H2 ZF,Yes
ENSG00000187792,ZNF70,C2H2 ZF,Yes
ENSG00000196757,ZNF700,C2H2 ZF,Yes
ENSG00000167562,ZNF701,C2H2 ZF,Yes
ENSG00000183779,ZNF703,C2H2 ZF,Yes
ENSG00000164684,ZNF704,C2H2 ZF,Yes
ENSG00000196946,ZNF705A,C2H2 ZF,Yes
ENSG00000215356,ZNF705B,C2H2 ZF,Yes
ENSG00000215343,ZNF705D,C2H2 ZF,Yes
ENSG00000214534,ZNF705E,C2H2 ZF,Yes
ENSG00000215372,ZNF705G,C2H2 ZF,Yes
ENSG00000120963,ZNF706,C2H2 ZF,Yes
ENSG00000181135,ZNF707,C2H2 ZF,Yes
ENSG00000182141,ZNF708,C2H2 ZF,Yes
ENSG00000242852,ZNF709,C2H2 ZF,Yes
ENSG00000197951,ZNF71,C2H2 ZF,Yes
ENSG00000140548,ZNF710,C2H2 ZF,Yes
ENSG00000147180,ZNF711,C2H2 ZF,Yes
ENSG00000178665,ZNF713,C2H2 ZF,Yes
ENSG00000160352,ZNF714,C2H2 ZF,Yes
ENSG00000182111,ZNF716,C2H2 ZF,Yes
ENSG00000227124,ZNF717,C2H2 ZF,Yes
ENSG00000250312,ZNF718,C2H2 ZF,Yes
ENSG00000182903,ZNF721,C2H2 ZF,Yes
ENSG00000196081,ZNF724,C2H2 ZF,Yes
ENSG00000213967,ZNF726,C2H2 ZF,Yes
ENSG00000214652,ZNF727,C2H2 ZF,Yes
ENSG00000269067,ZNF728,C2H2 ZF,Yes
ENSG00000196350,ZNF729,C2H2 ZF,Yes
ZNF73_HUMAN,ZNF73,C2H2 ZF,No
ENSG00000183850,ZNF730,C2H2 ZF,Yes
ENSG00000186777,ZNF732,C2H2 ZF,Yes
ENSG00000223614,ZNF735,C2H2 ZF,Yes
ENSG00000234444,ZNF736,C2H2 ZF,Yes
ENSG00000237440,ZNF737,C2H2 ZF,Yes
ENSG00000185252,ZNF74,C2H2 ZF,Yes
ENSG00000139651,ZNF740,C2H2 ZF,Yes
ENSG00000181220,ZNF746,C2H2 ZF,Yes
ENSG00000169955,ZNF747,C2H2 ZF,Yes
ENSG00000186230,ZNF749,C2H2 ZF,Yes
ENSG00000141579,ZNF750,C2H2 ZF,Yes
ENSG00000162086,ZNF75A,C2H2 ZF,Yes
ENSG00000186376,ZNF75D,C2H2 ZF,Yes
ENSG00000065029,ZNF76,C2H2 ZF,Yes
ENSG00000160336,ZNF761,C2H2 ZF,Yes
ENSG00000197054,ZNF763,C2H2 ZF,Yes
ENSG00000169951,ZNF764,C2H2 ZF,Yes
ENSG00000196417,ZNF765,C2H2 ZF,Yes
ENSG00000196214,ZNF766,C2H2 ZF,Yes
ENSG00000169957,ZNF768,C2H2 ZF,Yes
ENSG00000175691,ZNF77,C2H2 ZF,Yes
ENSG00000198146,ZNF770,C2H2 ZF,Yes
ENSG00000179965,ZNF771,C2H2 ZF,Yes
ENSG00000197128,ZNF772,C2H2 ZF,Yes
ENSG00000152439,ZNF773,C2H2 ZF,Yes
ENSG00000196391,ZNF774,C2H2 ZF,Yes
ENSG00000196456,ZNF775,C2H2 ZF,Yes
ENSG00000152443,ZNF776,C2H2 ZF,Yes
ENSG00000196453,ZNF777,C2H2 ZF,Yes
ENSG00000170100,ZNF778,C2H2 ZF,Yes
ENSG00000197782,ZNF780A,C2H2 ZF,Yes
ENSG00000128000,ZNF780B,C2H2 ZF,Yes
ENSG00000196381,ZNF781,C2H2 ZF,Yes
ENSG00000196597,ZNF782,C2H2 ZF,Yes
ENSG00000204946,ZNF783,C2H2 ZF,Yes
ENSG00000179922,ZNF784,C2H2 ZF,Yes
ENSG00000197162,ZNF785,C2H2 ZF,Yes
ENSG00000197362,ZNF786,C2H2 ZF,Yes
ENSG00000142409,ZNF787,C2H2 ZF,Yes
ENSG00000214189,ZNF788,C2H2 ZF,Yes
ENSG00000198556,ZNF789,C2H2 ZF,Yes
ENSG00000196152,ZNF79,C2H2 ZF,Yes
ENSG00000197863,ZNF790,C2H2 ZF,Yes
ENSG00000173875,ZNF791,C2H2 ZF,Yes
ENSG00000180884,ZNF792,C2H2 ZF,Yes
ENSG00000188227,ZNF793,C2H2 ZF,Yes
ENSG00000196466,ZNF799,C2H2 ZF,Yes
ENSG00000278129,ZNF8,C2H2 ZF,Yes
ENSG00000174255,ZNF80,C2H2 ZF,Yes
ENSG00000048405,ZNF800,C2H2 ZF,Yes
ENSG00000170396,ZNF804A,C2H2 ZF,Yes
ENSG00000182348,ZNF804B,C2H2 ZF,Yes
ENSG00000204524,ZNF805,C2H2 ZF,Yes
ENSG00000198482,ZNF808,C2H2 ZF,Yes
ENSG00000197779,ZNF81,C2H2 ZF,Yes
ENSG00000224689,ZNF812P,C2H2 ZF,No
ENSG00000198346,ZNF813,C2H2 ZF,Yes
ENSG00000204514,ZNF814,C2H2 ZF,Yes
ENSG00000180257,ZNF816,C2H2 ZF,Yes
ENSG00000102984,ZNF821,C2H2 ZF,Yes
ENSG00000197933,ZNF823,C2H2 ZF,Yes
ENSG00000151612,ZNF827,C2H2 ZF,Yes
ENSG00000185869,ZNF829,C2H2 ZF,Yes
ENSG00000167766,ZNF83,C2H2 ZF,Yes
ENSG00000198783,ZNF830,C2H2 ZF,Yes
ENSG00000124203,ZNF831,C2H2 ZF,Yes
ENSG00000127903,ZNF835,C2H2 ZF,Yes
ENSG00000196267,ZNF836,C2H2 ZF,Yes
ENSG00000152475,ZNF837,C2H2 ZF,Yes
ENSG00000022976,ZNF839,C2H2 ZF,No
ENSG00000198040,ZNF84,C2H2 ZF,Yes
ENSG00000197608,ZNF841,C2H2 ZF,Yes
ENSG00000176723,ZNF843,C2H2 ZF,Yes
ENSG00000223547,ZNF844,C2H2 ZF,Yes
ENSG00000213799,ZNF845,C2H2 ZF,Yes
ENSG00000196605,ZNF846,C2H2 ZF,Yes
ENSG00000105750,ZNF85,C2H2 ZF,Yes
ENSG00000267041,ZNF850,C2H2 ZF,Yes
ENSG00000178917,ZNF852,C2H2 ZF,Yes
ENSG00000236609,ZNF853,C2H2 ZF,Yes
ENSG00000197385,ZNF860,C2H2 ZF,Yes
ENSG00000261221,ZNF865,C2H2 ZF,Yes
ENSG00000257446,ZNF878,C2H2 ZF,Yes
ENSG00000234284,ZNF879,C2H2 ZF,Yes
ENSG00000221923,ZNF880,C2H2 ZF,Yes
ENSG00000228623,ZNF883,C2H2 ZF,Yes
ENSG00000213793,ZNF888,C2H2 ZF,Yes
ENSG00000214029,ZNF891,C2H2 ZF,Yes
ENSG00000213988,ZNF90,C2H2 ZF,Yes
ENSG00000167232,ZNF91,C2H2 ZF,Yes
ENSG00000146757,ZNF92,C2H2 ZF,Yes
ENSG00000184635,ZNF93,C2H2 ZF,Yes
ENSG00000197360,ZNF98,C2H2 ZF,Yes
ENSG00000213973,ZNF99,C2H2 ZF,Yes
ENSG00000152467,ZSCAN1,C2H2 ZF,Yes
ENSG00000130182,ZSCAN10,C2H2 ZF,Yes
ENSG00000158691,ZSCAN12,C2H2 ZF,Yes
ENSG00000196812,ZSCAN16,C2H2 ZF,Yes
ENSG00000121413,ZSCAN18,C2H2 ZF,Yes
ENSG00000176371,ZSCAN2,C2H2 ZF,Yes
ENSG00000121903,ZSCAN20,C2H2 ZF,Yes
ENSG00000166529,ZSCAN21,C2H2 ZF,Yes
ENSG00000182318,ZSCAN22,C2H2 ZF,Yes
ENSG00000187987,ZSCAN23,C2H2 ZF,Yes
ENSG00000197037,ZSCAN25,C2H2 ZF,Yes
ENSG00000197062,ZSCAN26,C2H2 ZF,Yes
ENSG00000140265,ZSCAN29,C2H2 ZF,Yes
ENSG00000186814,ZSCAN30,C2H2 ZF,Yes
ENSG00000235109,ZSCAN31,C2H2 ZF,Yes
ENSG00000140987,ZSCAN32,C2H2 ZF,Yes
ENSG00000180532,ZSCAN4,C2H2 ZF,Yes
ENSG00000131848,ZSCAN5A,C2H2 ZF,Yes
ENSG00000197213,ZSCAN5B,C2H2 ZF,Yes
ENSG00000204532,ZSCAN5C,C2H2 ZF,Yes
ENSG00000267908,ZSCAN5DP,C2H2 ZF,No
ENSG00000137185,ZSCAN9,C2H2 ZF,Yes
ENSG00000153975,ZUFSP,C2H2 ZF,Yes
ENSG00000198205,ZXDA,C2H2 ZF,Yes
ENSG00000198455,ZXDB,C2H2 ZF,Yes
ENSG00000070476,ZXDC,C2H2 ZF,Yes
ENSG00000100105,PATZ1,C2H2 ZF; AT hook,Yes
ENSG00000112365,ZBTB24,C2H2 ZF; AT hook,Yes
ENSG00000171443,ZNF524,C2H2 ZF; AT hook,Yes
ENSG00000161914,ZNF653,C2H2 ZF; AT hook,Yes
ENSG00000198839,ZNF277,C2H2 ZF; BED ZF,Yes
ENSG00000243943,ZNF512,C2H2 ZF; BED ZF,Yes
ENSG00000148516,ZEB1,C2H2 ZF; Homeodomain,Yes
ENSG00000169554,ZEB2,C2H2 ZF; Homeodomain,Yes
ENSG00000140836,ZFHX3,C2H2 ZF; Homeodomain,Yes
ENSG00000091656,ZFHX4,C2H2 ZF; Homeodomain,Yes
ENSG00000124496,TRERF1,C2H2 ZF; Myb/SANT,Yes
ENSG00000118156,ZNF541,C2H2 ZF; Myb/SANT,Yes
ENSG00000001167,NFYA,CBF/NF-Y,Yes
ENSG00000160917,CPSF4,CCCH ZF,No
ENSG00000187959,CPSF4L,CCCH ZF,No
ENSG00000163214,DHX57,CCCH ZF,No
ENSG00000141994,DUS3L,CCCH ZF,No
ENSG00000198265,HELZ,CCCH ZF,No
ENSG00000152601,MBNL1,CCCH ZF,No
ENSG00000139793,MBNL2,CCCH ZF,Yes
ENSG00000076770,MBNL3,CCCH ZF,No
ENSG00000133606,MKRN1,CCCH ZF,No
ENSG00000075975,MKRN2,CCCH ZF,No
ENSG00000136243,NUPL2,CCCH ZF,No
ENSG00000059378,PARP12,CCCH ZF,No
ENSG00000204569,PPP1R10,CCCH ZF,No
ENSG00000204576,PRR3,CCCH ZF,No
ENSG00000135870,RC3H1,CCCH ZF,No
ENSG00000056586,RC3H2,CCCH ZF,No
ENSG00000125352,RNF113A,CCCH ZF,No
ENSG00000139797,RNF113B,CCCH ZF,No
ENSG00000132773,TOE1,CCCH ZF,No
ENSG00000104907,TRMT1,CCCH ZF,No
ENSG00000132478,UNK,CCCH ZF,No
ENSG00000059145,UNKL,CCCH ZF,No
ENSG00000135482,ZC3H10,CCCH ZF,No
ENSG00000058673,ZC3H11A,CCCH ZF,No
ENSG00000163874,ZC3H12A,CCCH ZF,No
ENSG00000123200,ZC3H13,CCCH ZF,No
ENSG00000100722,ZC3H14,CCCH ZF,No
ENSG00000065548,ZC3H15,CCCH ZF,No
ENSG00000158545,ZC3H18,CCCH ZF,No
ENSG00000014164,ZC3H3,CCCH ZF,No
ENSG00000130749,ZC3H4,CCCH ZF,No
ENSG00000188177,ZC3H6,CCCH ZF,No
ENSG00000122299,ZC3H7A,CCCH ZF,No
ENSG00000100403,ZC3H7B,CCCH ZF,No
ENSG00000144161,ZC3H8,CCCH ZF,Yes
ENSG00000105939,ZC3HAV1,CCCH ZF,No
ENSG00000128016,ZFP36,CCCH ZF,No
ENSG00000185650,ZFP36L1,CCCH ZF,No
ENSG00000152518,ZFP36L2,CCCH ZF,No
ENSG00000197114,ZGPAT,CCCH ZF,Yes
ENSG00000100319,ZMAT5,CCCH ZF,No
ENSG00000212643,ZRSR1,CCCH ZF,No
ENSG00000169249,ZRSR2,CCCH ZF,No
ENSG00000125817,CENPB,CENPB,Yes
ENSG00000177946,CENPBD1,CENPB,Yes
ENSG00000234616,JRK,CENPB,Yes
ENSG00000183340,JRKL,CENPB,Yes
ENSG00000221944,TIGD1,CENPB,Yes
ENSG00000180346,TIGD2,CENPB,Yes
ENSG00000173825,TIGD3,CENPB,Yes
ENSG00000169989,TIGD4,CENPB,Yes
ENSG00000179886,TIGD5,CENPB,Yes
ENSG00000164296,TIGD6,CENPB,Yes
ENSG00000140993,TIGD7,CENPB,Yes
ENSG00000171735,CAMTA1,CG-1,Yes
ENSG00000108509,CAMTA2,CG-1,Yes
ENSG00000153048,CARHSP1,CSD,No
ENSG00000172346,CSDC2,CSD,No
ENSG00000009307,CSDE1,CSD,No
ENSG00000131914,LIN28A,CSD,Yes
ENSG00000187772,LIN28B,CSD,Yes
ENSG00000065978,YBX1,CSD,Yes
ENSG00000006047,YBX2,CSD,Yes
ENSG00000060138,YBX3,CSD,Yes
ENSG00000168214,RBPJ,CSL,Yes
ENSG00000124232,RBPJL,CSL,Yes
ENSG00000257923,CUX1,CUT; Homeodomain,Yes
ENSG00000111249,CUX2,CUT; Homeodomain,Yes
ENSG00000169856,ONECUT1,CUT; Homeodomain,Yes
ENSG00000119547,ONECUT2,CUT; Homeodomain,Yes
ENSG00000205922,ONECUT3,CUT; Homeodomain,Yes
ENSG00000182568,SATB1,CUT; Homeodomain,Yes
ENSG00000119042,SATB2,CUT; Homeodomain,Yes
ENSG00000154832,CXXC1,CxxC,Yes
ENSG00000168772,CXXC4,CxxC,Yes
ENSG00000171604,CXXC5,CxxC,Yes
ENSG00000130816,DNMT1,CxxC,Yes
ENSG00000099364,FBXL19,CxxC,Yes
ENSG00000173120,KDM2A,CxxC,Yes
ENSG00000089094,KDM2B,CxxC,Yes
ENSG00000138336,TET1,CxxC,Yes
ENSG00000187605,TET3,CxxC,Yes
ENSG00000118058,KMT2A,CxxC; AT hook,Yes
ENSG00000272333,KMT2B,CxxC; AT hook,Yes
ENSG00000137090,DMRT1,DM,Yes
ENSG00000173253,DMRT2,DM,Yes
ENSG00000064218,DMRT3,DM,Yes
ENSG00000176399,DMRTA1,DM,Yes
ENSG00000142700,DMRTA2,DM,Yes
ENSG00000143006,DMRTB1,DM,Yes
ENSG00000142025,DMRTC2,DM,Yes
ENSG00000101412,E2F1,E2F,Yes
ENSG00000007968,E2F2,E2F,Yes
ENSG00000112242,E2F3,E2F,Yes
ENSG00000205250,E2F4,E2F,Yes
ENSG00000133740,E2F5,E2F,Yes
ENSG00000169016,E2F6,E2F,Yes
ENSG00000165891,E2F7,E2F,Yes
ENSG00000129173,E2F8,E2F,Yes
ENSG00000198176,TFDP1,E2F,Yes
ENSG00000114126,TFDP2,E2F,Yes
ENSG00000183434,TFDP3,E2F,Yes
ENSG00000164330,EBF1,EBF1,Yes
ENSG00000221818,EBF2,EBF1,Yes
ENSG00000108001,EBF3,EBF1,Yes
ENSG00000088881,EBF4,EBF1,Yes
ENSG00000135373,EHF,Ets,Yes
ENSG00000120690,ELF1,Ets,Yes
ENSG00000109381,ELF2,Ets,Yes
ENSG00000102034,ELF4,Ets,Yes
ENSG00000135374,ELF5,Ets,Yes
ENSG00000126767,ELK1,Ets,Yes
ENSG00000111145,ELK3,Ets,Yes
ENSG00000158711,ELK4,Ets,Yes
ENSG00000105722,ERF,Ets,Yes
ENSG00000157554,ERG,Ets,Yes
ENSG00000134954,ETS1,Ets,Yes
ENSG00000157557,ETS2,Ets,Yes
ENSG00000006468,ETV1,Ets,Yes
ENSG00000105672,ETV2,Ets,Yes
ENSG00000117036,ETV3,Ets,Yes
ENSG00000253831,ETV3L,Ets,Yes
ENSG00000175832,ETV4,Ets,Yes
ENSG00000244405,ETV5,Ets,Yes
ENSG00000139083,ETV6,Ets,Yes
ENSG00000010030,ETV7,Ets,Yes
ENSG00000163497,FEV,Ets,Yes
ENSG00000151702,FLI1,Ets,Yes
ENSG00000154727,GABPA,Ets,Yes
ENSG00000124664,SPDEF,Ets,Yes
ENSG00000066336,SPI1,Ets,Yes
ENSG00000269404,SPIB,Ets,Yes
ENSG00000166211,SPIC,Ets,Yes
ENSG00000163435,ELF3,Ets; AT hook,Yes
ENSG00000059122,FLYWCH1,FLYWCH,Yes
ENSG00000129514,FOXA1,Forkhead,Yes
ENSG00000125798,FOXA2,Forkhead,Yes
ENSG00000170608,FOXA3,Forkhead,Yes
ENSG00000171956,FOXB1,Forkhead,Yes
ENSG00000204612,FOXB2,Forkhead,Yes
ENSG00000054598,FOXC1,Forkhead,Yes
ENSG00000176692,FOXC2,Forkhead,Yes
ENSG00000251493,FOXD1,Forkhead,Yes
ENSG00000186564,FOXD2,Forkhead,Yes
ENSG00000187140,FOXD3,Forkhead,Yes
ENSG00000170122,FOXD4,Forkhead,Yes
ENSG00000184492,FOXD4L1,Forkhead,Yes
ENSG00000204828,FOXD4L2,Forkhead,No
ENSG00000187559,FOXD4L3,Forkhead,Yes
ENSG00000184659,FOXD4L4,Forkhead,Yes
ENSG00000204779,FOXD4L5,Forkhead,Yes
ENSG00000273514,FOXD4L6,Forkhead,Yes
ENSG00000178919,FOXE1,Forkhead,Yes
ENSG00000186790,FOXE3,Forkhead,Yes
ENSG00000103241,FOXF1,Forkhead,Yes
ENSG00000137273,FOXF2,Forkhead,Yes
ENSG00000176165,FOXG1,Forkhead,Yes
ENSG00000160973,FOXH1,Forkhead,Yes
ENSG00000168269,FOXI1,Forkhead,Yes
ENSG00000186766,FOXI2,Forkhead,Yes
ENSG00000214336,FOXI3,Forkhead,Yes
ENSG00000129654,FOXJ1,Forkhead,Yes
ENSG00000065970,FOXJ2,Forkhead,Yes
ENSG00000198815,FOXJ3,Forkhead,Yes
ENSG00000164916,FOXK1,Forkhead,Yes
ENSG00000141568,FOXK2,Forkhead,Yes
ENSG00000176678,FOXL1,Forkhead,Yes
ENSG00000183770,FOXL2,Forkhead,Yes
ENSG00000111206,FOXM1,Forkhead,Yes
ENSG00000109101,FOXN1,Forkhead,Yes
ENSG00000170802,FOXN2,Forkhead,Yes
ENSG00000053254,FOXN3,Forkhead,Yes
ENSG00000139445,FOXN4,Forkhead,Yes
ENSG00000150907,FOXO1,Forkhead,Yes
ENSG00000118689,FOXO3,Forkhead,Yes
ENSG00000184481,FOXO4,Forkhead,Yes
ENSG00000204060,FOXO6,Forkhead,Yes
ENSG00000114861,FOXP1,Forkhead,Yes
ENSG00000128573,FOXP2,Forkhead,Yes
ENSG00000049768,FOXP3,Forkhead,Yes
ENSG00000137166,FOXP4,Forkhead,Yes
ENSG00000164379,FOXQ1,Forkhead,Yes
ENSG00000176302,FOXR1,Forkhead,Yes
ENSG00000189299,FOXR2,Forkhead,Yes
ENSG00000179772,FOXS1,Forkhead,Yes
ENSG00000072121,ZFYVE26,FYVE-type ZF,No
ENSG00000102145,GATA1,GATA,Yes
ENSG00000179348,GATA2,GATA,Yes
ENSG00000107485,GATA3,GATA,Yes
ENSG00000136574,GATA4,GATA,Yes
ENSG00000130700,GATA5,GATA,Yes
ENSG00000141448,GATA6,GATA,Yes
ENSG00000157259,GATAD1,GATA,No
ENSG00000167491,GATAD2A,GATA,Yes
ENSG00000143614,GATAD2B,GATA,Yes
ENSG00000104447,TRPS1,GATA,Yes
ENSG00000220201,ZGLP1,GATA,Yes
ENSG00000137270,GCM1,GCM,Yes
ENSG00000124827,GCM2,GCM,Yes
ENSG00000134317,GRHL1,Grainyhead,Yes
ENSG00000083307,GRHL2,Grainyhead,Yes
ENSG00000158055,GRHL3,Grainyhead,Yes
ENSG00000135457,TFCP2,Grainyhead,Yes
ENSG00000115112,TFCP2L1,Grainyhead,Yes
ENSG00000153560,UBP1,Grainyhead,Yes
ENSG00000263001,GTF2I,GTF2I-like,Yes
ENSG00000006704,GTF2IRD1,GTF2I-like,Yes
ENSG00000196275,GTF2IRD2,GTF2I-like,Yes
ENSG00000174428,GTF2IRD2B,GTF2I-like,Yes
ENSG00000258724,AC105001.2,HMG/Sox,No
ENSG00000114439,BBX,HMG/Sox,Yes
ENSG00000007080,CCDC124,HMG/Sox,No
ENSG00000170004,CHD3,HMG/Sox,No
ENSG00000111642,CHD4,HMG/Sox,No
ENSG00000079432,CIC,HMG/Sox,Yes
ENSG00000105856,HBP1,HMG/Sox,Yes
ENSG00000140382,HMG20A,HMG/Sox,Yes
ENSG00000064961,HMG20B,HMG/Sox,Yes
ENSG00000189403,HMGB1,HMG/Sox,No
ENSG00000164104,HMGB2,HMG/Sox,No
ENSG00000029993,HMGB3,HMG/Sox,No
ENSG00000176256,HMGB4,HMG/Sox,No
ENSG00000205581,HMGN1,HMG/Sox,No
ENSG00000118418,HMGN3,HMG/Sox,Yes
ENSG00000113716,HMGXB3,HMG/Sox,No
ENSG00000100281,HMGXB4,HMG/Sox,No
ENSG00000055609,KMT2C,HMG/Sox,No
ENSG00000167548,KMT2D,HMG/Sox,No
ENSG00000138795,LEF1,HMG/Sox,Yes
ENSG00000143194,MAEL,HMG/Sox,No
ENSG00000109685,NSD2,HMG/Sox,No
ENSG00000163939,PBRM1,HMG/Sox,No
ENSG00000064933,PMS1,HMG/Sox,No
ENSG00000073584,SMARCE1,HMG/Sox,No
ENSG00000182968,SOX1,HMG/Sox,Yes
ENSG00000100146,SOX10,HMG/Sox,Yes
ENSG00000176887,SOX11,HMG/Sox,Yes
ENSG00000177732,SOX12,HMG/Sox,Yes
ENSG00000143842,SOX13,HMG/Sox,Yes
ENSG00000168875,SOX14,HMG/Sox,Yes
ENSG00000129194,SOX15,HMG/Sox,Yes
ENSG00000164736,SOX17,HMG/Sox,Yes
ENSG00000203883,SOX18,HMG/Sox,Yes
ENSG00000181449,SOX2,HMG/Sox,Yes
ENSG00000125285,SOX21,HMG/Sox,Yes
ENSG00000134595,SOX3,HMG/Sox,Yes
ENSG00000039600,SOX30,HMG/Sox,Yes
ENSG00000124766,SOX4,HMG/Sox,Yes
ENSG00000134532,SOX5,HMG/Sox,Yes
ENSG00000110693,SOX6,HMG/Sox,Yes
ENSG00000171056,SOX7,HMG/Sox,Yes
ENSG00000005513,SOX8,HMG/Sox,Yes
ENSG00000125398,SOX9,HMG/Sox,Yes
ENSG00000184895,SRY,HMG/Sox,Yes
ENSG00000149136,SSRP1,HMG/Sox,No
ENSG00000081059,TCF7,HMG/Sox,Yes
ENSG00000152284,TCF7L1,HMG/Sox,Yes
ENSG00000148737,TCF7L2,HMG/Sox,Yes
ENSG00000108064,TFAM,HMG/Sox,No
ENSG00000198846,TOX,HMG/Sox,No
ENSG00000124191,TOX2,HMG/Sox,No
ENSG00000103460,TOX3,HMG/Sox,No
ENSG00000092203,TOX4,HMG/Sox,No
ENSG00000108312,UBTF,HMG/Sox,No
ENSG00000255009,UBTFL1,HMG/Sox,No
ENSG00000198554,WDHD1,HMG/Sox,No
ENSG00000237452,BHMG1,HMG/Sox; bHLH,No
ENSG00000101126,ADNP,Homeodomain,Yes
ENSG00000101544,ADNP2,Homeodomain,Yes
ENSG00000180318,ALX1,Homeodomain,Yes
ENSG00000156150,ALX3,Homeodomain,Yes
ENSG00000052850,ALX4,Homeodomain,Yes
ENSG00000227059,ANHX,Homeodomain,Yes
ENSG00000186103,ARGFX,Homeodomain,Yes
ENSG00000004848,ARX,Homeodomain,Yes
ENSG00000125492,BARHL1,Homeodomain,Yes
ENSG00000143032,BARHL2,Homeodomain,Yes
ENSG00000131668,BARX1,Homeodomain,Yes
ENSG00000043039,BARX2,Homeodomain,Yes
ENSG00000188909,BSX,Homeodomain,Yes
ENSG00000113722,CDX1,Homeodomain,Yes
ENSG00000165556,CDX2,Homeodomain,Yes
ENSG00000131264,CDX4,Homeodomain,Yes
ENSG00000143418,CERS2,Homeodomain,No
ENSG00000154227,CERS3,Homeodomain,No
ENSG00000090661,CERS4,Homeodomain,No
ENSG00000139624,CERS5,Homeodomain,No
ENSG00000172292,CERS6,Homeodomain,No
ENSG00000105392,CRX,Homeodomain,Yes
ENSG00000109851,DBX1,Homeodomain,Yes
ENSG00000185610,DBX2,Homeodomain,Yes
ENSG00000144355,DLX1,Homeodomain,Yes
ENSG00000115844,DLX2,Homeodomain,Yes
ENSG00000064195,DLX3,Homeodomain,Yes
ENSG00000108813,DLX4,Homeodomain,Yes
ENSG00000105880,DLX5,Homeodomain,Yes
ENSG00000006377,DLX6,Homeodomain,Yes
ENSG00000197587,DMBX1,Homeodomain,Yes
ENSG00000204595,DPRX,Homeodomain,Yes
ENSG00000165606,DRGX,Homeodomain,Yes
DUX1_HUMAN,DUX1,Homeodomain,Yes
DUX3_HUMAN,DUX3,Homeodomain,Yes
ENSG00000260596,DUX4,Homeodomain,Yes
ENSG00000258873,DUXA,Homeodomain,Yes
ENSG00000135638,EMX1,Homeodomain,Yes
ENSG00000170370,EMX2,Homeodomain,Yes
ENSG00000163064,EN1,Homeodomain,Yes
ENSG00000164778,EN2,Homeodomain,Yes
ENSG00000123576,ESX1,Homeodomain,Yes
ENSG00000106038,EVX1,Homeodomain,Yes
ENSG00000174279,EVX2,Homeodomain,Yes
ENSG00000164900,GBX1,Homeodomain,Yes
ENSG00000168505,GBX2,Homeodomain,Yes
ENSG00000133937,GSC,Homeodomain,Yes
ENSG00000063515,GSC2,Homeodomain,Yes
ENSG00000169840,GSX1,Homeodomain,Yes
ENSG00000180613,GSX2,Homeodomain,Yes
ENSG00000165259,HDX,Homeodomain,Yes
ENSG00000163666,HESX1,Homeodomain,Yes
ENSG00000152804,HHEX,Homeodomain,Yes
ENSG00000136630,HLX,Homeodomain,Yes
ENSG00000147421,HMBOX1,Homeodomain,Yes
ENSG00000215612,HMX1,Homeodomain,Yes
ENSG00000188816,HMX2,Homeodomain,Yes
ENSG00000188620,HMX3,Homeodomain,Yes
ENSG00000135100,HNF1A,Homeodomain,Yes
ENSG00000275410,HNF1B,Homeodomain,Yes
ENSG00000215271,HOMEZ,Homeodomain,Yes
ENSG00000171476,HOPX,Homeodomain,No
ENSG00000105991,HOXA1,Homeodomain,Yes
ENSG00000253293,HOXA10,Homeodomain,Yes
ENSG00000005073,HOXA11,Homeodomain,Yes
ENSG00000106031,HOXA13,Homeodomain,Yes
ENSG00000105996,HOXA2,Homeodomain,Yes
ENSG00000105997,HOXA3,Homeodomain,Yes
ENSG00000197576,HOXA4,Homeodomain,Yes
ENSG00000106004,HOXA5,Homeodomain,Yes
ENSG00000106006,HOXA6,Homeodomain,Yes
ENSG00000122592,HOXA7,Homeodomain,Yes
ENSG00000078399,HOXA9,Homeodomain,Yes
ENSG00000120094,HOXB1,Homeodomain,Yes
ENSG00000159184,HOXB13,Homeodomain,Yes
ENSG00000173917,HOXB2,Homeodomain,Yes
ENSG00000120093,HOXB3,Homeodomain,Yes
ENSG00000182742,HOXB4,Homeodomain,Yes
ENSG00000120075,HOXB5,Homeodomain,Yes
ENSG00000108511,HOXB6,Homeodomain,Yes
ENSG00000260027,HOXB7,Homeodomain,Yes
ENSG00000120068,HOXB8,Homeodomain,Yes
ENSG00000170689,HOXB9,Homeodomain,Yes
ENSG00000180818,HOXC10,Homeodomain,Yes
ENSG00000123388,HOXC11,Homeodomain,Yes
ENSG00000123407,HOXC12,Homeodomain,Yes
ENSG00000123364,HOXC13,Homeodomain,Yes
ENSG00000198353,HOXC4,Homeodomain,Yes
ENSG00000172789,HOXC5,Homeodomain,Yes
ENSG00000197757,HOXC6,Homeodomain,Yes
ENSG00000037965,HOXC8,Homeodomain,Yes
ENSG00000180806,HOXC9,Homeodomain,Yes
ENSG00000128645,HOXD1,Homeodomain,Yes
ENSG00000128710,HOXD10,Homeodomain,Yes
ENSG00000128713,HOXD11,Homeodomain,Yes
ENSG00000170178,HOXD12,Homeodomain,Yes
ENSG00000128714,HOXD13,Homeodomain,Yes
ENSG00000128652,HOXD3,Homeodomain,Yes
ENSG00000170166,HOXD4,Homeodomain,Yes
ENSG00000175879,HOXD8,Homeodomain,Yes
ENSG00000128709,HOXD9,Homeodomain,Yes
ENSG00000170549,IRX1,Homeodomain,Yes
ENSG00000170561,IRX2,Homeodomain,Yes
ENSG00000177508,IRX3,Homeodomain,Yes
ENSG00000113430,IRX4,Homeodomain,Yes
ENSG00000176842,IRX5,Homeodomain,Yes
ENSG00000159387,IRX6,Homeodomain,Yes
ENSG00000016082,ISL1,Homeodomain,Yes
ENSG00000159556,ISL2,Homeodomain,Yes
ENSG00000175329,ISX,Homeodomain,Yes
ENSG00000138136,LBX1,Homeodomain,Yes
ENSG00000179528,LBX2,Homeodomain,Yes
ENSG00000213921,LEUTX,Homeodomain,Yes
ENSG00000273706,LHX1,Homeodomain,Yes
ENSG00000106689,LHX2,Homeodomain,Yes
ENSG00000107187,LHX3,Homeodomain,Yes
ENSG00000121454,LHX4,Homeodomain,Yes
ENSG00000089116,LHX5,Homeodomain,Yes
ENSG00000106852,LHX6,Homeodomain,Yes
ENSG00000162624,LHX8,Homeodomain,Yes
ENSG00000143355,LHX9,Homeodomain,Yes
ENSG00000162761,LMX1A,Homeodomain,Yes
ENSG00000136944,LMX1B,Homeodomain,Yes
ENSG00000143995,MEIS1,Homeodomain,Yes
ENSG00000134138,MEIS2,Homeodomain,Yes
ENSG00000105419,MEIS3,Homeodomain,Yes
ENSG00000005102,MEOX1,Homeodomain,Yes
ENSG00000106511,MEOX2,Homeodomain,Yes
ENSG00000185155,MIXL1,Homeodomain,Yes
ENSG00000150051,MKX,Homeodomain,Yes
ENSG00000130675,MNX1,Homeodomain,Yes
ENSG00000163132,MSX1,Homeodomain,Yes
ENSG00000120149,MSX2,Homeodomain,Yes
ENSG00000111704,NANOG,Homeodomain,Yes
ENSG00000205857,NANOGNB,Homeodomain,Yes
ENSG00000255192,NANOGP8,Homeodomain,Yes
ENSG00000235608,NKX1-1,Homeodomain,Yes
ENSG00000229544,NKX1-2,Homeodomain,Yes
ENSG00000136352,NKX2-1,Homeodomain,Yes
ENSG00000125820,NKX2-2,Homeodomain,Yes
ENSG00000119919,NKX2-3,Homeodomain,Yes
ENSG00000125816,NKX2-4,Homeodomain,Yes
ENSG00000183072,NKX2-5,Homeodomain,Yes
ENSG00000180053,NKX2-6,Homeodomain,Yes
ENSG00000136327,NKX2-8,Homeodomain,Yes
ENSG00000167034,NKX3-1,Homeodomain,Yes
ENSG00000109705,NKX3-2,Homeodomain,Yes
ENSG00000163623,NKX6-1,Homeodomain,Yes
ENSG00000148826,NKX6-2,Homeodomain,Yes
ENSG00000165066,NKX6-3,Homeodomain,Yes
ENSG00000106410,NOBOX,Homeodomain,Yes
ENSG00000214513,NOTO,Homeodomain,Yes
ENSG00000171540,OTP,Homeodomain,Yes
ENSG00000115507,OTX1,Homeodomain,Yes
ENSG00000165588,OTX2,Homeodomain,Yes
ENSG00000185630,PBX1,Homeodomain,Yes
ENSG00000204304,PBX2,Homeodomain,Yes
ENSG00000167081,PBX3,Homeodomain,Yes
ENSG00000105717,PBX4,Homeodomain,Yes
ENSG00000139515,PDX1,Homeodomain,Yes
ENSG00000165462,PHOX2A,Homeodomain,Yes
ENSG00000109132,PHOX2B,Homeodomain,Yes
ENSG00000069011,PITX1,Homeodomain,Yes
ENSG00000164093,PITX2,Homeodomain,Yes
ENSG00000107859,PITX3,Homeodomain,Yes
ENSG00000160199,PKNOX1,Homeodomain,Yes
ENSG00000165495,PKNOX2,Homeodomain,Yes
ENSG00000175325,PROP1,Homeodomain,Yes
ENSG00000116132,PRRX1,Homeodomain,Yes
ENSG00000167157,PRRX2,Homeodomain,Yes
ENSG00000134438,RAX,Homeodomain,Yes
ENSG00000173976,RAX2,Homeodomain,Yes
ENSG00000101883,RHOXF1,Homeodomain,Yes
ENSG00000131721,RHOXF2,Homeodomain,Yes
ENSG00000203989,RHOXF2B,Homeodomain,Yes
ENSG00000274529,SEBOX,Homeodomain,Yes
ENSG00000185960,SHOX,Homeodomain,Yes
ENSG00000168779,SHOX2,Homeodomain,Yes
ENSG00000126778,SIX1,Homeodomain,Yes
ENSG00000170577,SIX2,Homeodomain,Yes
ENSG00000138083,SIX3,Homeodomain,Yes
ENSG00000100625,SIX4,Homeodomain,Yes
ENSG00000177045,SIX5,Homeodomain,Yes
ENSG00000184302,SIX6,Homeodomain,Yes
ENSG00000177426,TGIF1,Homeodomain,Yes
ENSG00000118707,TGIF2,Homeodomain,Yes
ENSG00000153779,TGIF2LX,Homeodomain,Yes
ENSG00000176679,TGIF2LY,Homeodomain,Yes
ENSG00000107807,TLX1,Homeodomain,Yes
ENSG00000115297,TLX2,Homeodomain,Yes
ENSG00000164438,TLX3,Homeodomain,Yes
ENSG00000178928,TPRX1,Homeodomain,Yes
ENSG00000164853,UNCX,Homeodomain,Yes
ENSG00000148704,VAX1,Homeodomain,Yes
ENSG00000116035,VAX2,Homeodomain,Yes
ENSG00000151650,VENTX,Homeodomain,Yes
ENSG00000100987,VSX1,Homeodomain,Yes
ENSG00000119614,VSX2,Homeodomain,Yes
ENSG00000136367,ZFHX2,Homeodomain,Yes
ENSG00000165156,ZHX1,Homeodomain,Yes
ENSG00000178764,ZHX2,Homeodomain,Yes
ENSG00000174306,ZHX3,Homeodomain,Yes
ENSG00000075891,PAX2,Homeodomain; Paired box,Yes
ENSG00000135903,PAX3,Homeodomain; Paired box,Yes
ENSG00000106331,PAX4,Homeodomain; Paired box,Yes
ENSG00000007372,PAX6,Homeodomain; Paired box,Yes
ENSG00000009709,PAX7,Homeodomain; Paired box,Yes
ENSG00000064835,POU1F1,Homeodomain; POU,Yes
ENSG00000143190,POU2F1,Homeodomain; POU,Yes
ENSG00000028277,POU2F2,Homeodomain; POU,Yes
ENSG00000137709,POU2F3,Homeodomain; POU,Yes
ENSG00000185668,POU3F1,Homeodomain; POU,Yes
ENSG00000184486,POU3F2,Homeodomain; POU,Yes
ENSG00000198914,POU3F3,Homeodomain; POU,Yes
ENSG00000196767,POU3F4,Homeodomain; POU,Yes
ENSG00000152192,POU4F1,Homeodomain; POU,Yes
ENSG00000151615,POU4F2,Homeodomain; POU,Yes
ENSG00000091010,POU4F3,Homeodomain; POU,Yes
ENSG00000204531,POU5F1,Homeodomain; POU,Yes
ENSG00000212993,POU5F1B,Homeodomain; POU,Yes
ENSG00000248483,POU5F2,Homeodomain; POU,Yes
ENSG00000184271,POU6F1,Homeodomain; POU,Yes
ENSG00000106536,POU6F2,Homeodomain; POU,Yes
ENSG00000185122,HSF1,HSF,Yes
ENSG00000025156,HSF2,HSF,Yes
ENSG00000102878,HSF4,HSF,Yes
ENSG00000176160,HSF5,HSF,Yes
ENSG00000171116,HSFX1,HSF,Yes
ENSG00000268738,HSFX2,HSF,Yes
ENSG00000172468,HSFY1,HSF,Yes
ENSG00000169953,HSFY2,HSF,Yes
ENSG00000125347,IRF1,IRF,Yes
ENSG00000168310,IRF2,IRF,Yes
ENSG00000126456,IRF3,IRF,Yes
ENSG00000137265,IRF4,IRF,Yes
ENSG00000128604,IRF5,IRF,Yes
ENSG00000117595,IRF6,IRF,Yes
ENSG00000185507,IRF7,IRF,Yes
ENSG00000140968,IRF8,IRF,Yes
ENSG00000213928,IRF9,IRF,Yes
ENSG00000145220,LYAR,LYAR-type C2H2 ZF,No
ENSG00000188981,MSANTD1,MADF,Yes
ENSG00000066697,MSANTD3,MADF,Yes
ENSG00000171169,NAIF1,MADF,Yes
ENSG00000064489,BORCS8-MEF2B,MADS box,Yes
ENSG00000068305,MEF2A,MADS box,Yes
ENSG00000213999,MEF2B,MADS box,Yes
ENSG00000081189,MEF2C,MADS box,Yes
ENSG00000116604,MEF2D,MADS box,Yes
ENSG00000112658,SRF,MADS box,Yes
ENSG00000123636,BAZ2B,MBD,Yes
ENSG00000134046,MBD2,MBD,Yes
ENSG00000071655,MBD3,MBD,Yes
ENSG00000129071,MBD4,MBD,Yes
ENSG00000166987,MBD6,MBD,Yes
ENSG00000127445,PIN1,MBD,Yes
ENSG00000143379,SETDB1,MBD,Yes
ENSG00000136169,SETDB2,MBD,Yes
ENSG00000076108,BAZ2A,MBD; AT hook,Yes
ENSG00000169057,MECP2,MBD; AT hook,Yes
ENSG00000141644,MBD1,MBD; CxxC ZF,Yes
ENSG00000127989,MTERF1,mTERF,Yes
ENSG00000120832,MTERF2,mTERF,Yes
ENSG00000156469,MTERF3,mTERF,Yes
ENSG00000122085,MTERF4,mTERF,Yes
ENSG00000183091,NEB,mTERF,No
ENSG00000258315,C17orf49,Myb/SANT,No
ENSG00000096401,CDC5L,Myb/SANT,Yes
ENSG00000173575,CHD2,Myb/SANT,No
ENSG00000007545,CRAMP1,Myb/SANT,No
ENSG00000135164,DMTF1,Myb/SANT,Yes
ENSG00000136770,DNAJC1,Myb/SANT,No
ENSG00000105821,DNAJC2,Myb/SANT,No
ENSG00000156030,ELMSAN1,Myb/SANT,No
ENSG00000162929,KIAA1841,Myb/SANT,No
ENSG00000198160,MIER1,Myb/SANT,No
ENSG00000105556,MIER2,Myb/SANT,No
ENSG00000155545,MIER3,Myb/SANT,No
ENSG00000129534,MIS18BP1,Myb/SANT,No
ENSG00000170903,MSANTD4,Myb/SANT,Yes
ENSG00000118513,MYB,Myb/SANT,Yes
ENSG00000185697,MYBL1,Myb/SANT,Yes
ENSG00000101057,MYBL2,Myb/SANT,Yes
ENSG00000176182,MYPOP,Myb/SANT,Yes
ENSG00000162601,MYSM1,Myb/SANT,Yes
ENSG00000141027,NCOR1,Myb/SANT,No
ENSG00000196498,NCOR2,Myb/SANT,No
ENSG00000019485,PRDM11,Myb/SANT,No
ENSG00000089902,RCOR1,Myb/SANT,No
ENSG00000167771,RCOR2,Myb/SANT,No
ENSG00000117625,RCOR3,Myb/SANT,No
ENSG00000102038,SMARCA1,Myb/SANT,No
ENSG00000153147,SMARCA5,Myb/SANT,No
ENSG00000173473,SMARCC1,Myb/SANT,No
ENSG00000139613,SMARCC2,Myb/SANT,No
ENSG00000165684,SNAPC4,Myb/SANT,Yes
ENSG00000276234,TADA2A,Myb/SANT,No
ENSG00000173011,TADA2B,Myb/SANT,No
ENSG00000249961,TERB1,Myb/SANT,Yes
ENSG00000147601,TERF1,Myb/SANT,Yes
ENSG00000132604,TERF2,Myb/SANT,Yes
ENSG00000166848,TERF2IP,Myb/SANT,No
ENSG00000125482,TTF1,Myb/SANT,Yes
ENSG00000036549,ZZZ3,Myb/SANT,Yes
ENSG00000182979,MTA1,Myb/SANT; GATA,No
ENSG00000149480,MTA2,Myb/SANT; GATA,No
ENSG00000057935,MTA3,Myb/SANT; GATA,No
ENSG00000142599,RERE,Myb/SANT; GATA,No
ENSG00000197056,ZMYM1,MYM-type ZF,No
ENSG00000121741,ZMYM2,MYM-type ZF,No
ENSG00000147130,ZMYM3,MYM-type ZF,No
ENSG00000146463,ZMYM4,MYM-type ZF,No
ENSG00000132950,ZMYM5,MYM-type ZF,No
ENSG00000163867,ZMYM6,MYM-type ZF,No
ENSG00000004838,ZMYND10,MYND-type ZF,No
ENSG00000124920,MYRF,Ndt80/PhoG,Yes
ENSG00000166268,MYRFL,Ndt80/PhoG,Yes
ENSG00000086102,NFX1,NFX,Yes
ENSG00000170448,NFXL1,NFX,Yes
ENSG00000109445,ZNF330,NOA36-type ZF,No
ENSG00000169083,AR,Nuclear receptor,Yes
ENSG00000091831,ESR1,Nuclear receptor,Yes
ENSG00000140009,ESR2,Nuclear receptor,Yes
ENSG00000173153,ESRRA,Nuclear receptor,Yes
ENSG00000119715,ESRRB,Nuclear receptor,Yes
ENSG00000196482,ESRRG,Nuclear receptor,Yes
ENSG00000101076,HNF4A,Nuclear receptor,Yes
ENSG00000164749,HNF4G,Nuclear receptor,Yes
ENSG00000169297,NR0B1,Unknown,Yes
ENSG00000126368,NR1D1,Nuclear receptor,Yes
ENSG00000174738,NR1D2,Nuclear receptor,Yes
ENSG00000131408,NR1H2,Nuclear receptor,Yes
ENSG00000025434,NR1H3,Nuclear receptor,Yes
ENSG00000012504,NR1H4,Nuclear receptor,Yes
ENSG00000144852,NR1I2,Nuclear receptor,Yes
ENSG00000143257,NR1I3,Nuclear receptor,Yes
ENSG00000120798,NR2C1,Nuclear receptor,Yes
ENSG00000177463,NR2C2,Nuclear receptor,Yes
ENSG00000112333,NR2E1,Nuclear receptor,Yes
ENSG00000278570,NR2E3,Nuclear receptor,Yes
ENSG00000175745,NR2F1,Nuclear receptor,Yes
ENSG00000185551,NR2F2,Nuclear receptor,Yes
ENSG00000160113,NR2F6,Nuclear receptor,Yes
ENSG00000113580,NR3C1,Nuclear receptor,Yes
ENSG00000151623,NR3C2,Nuclear receptor,Yes
ENSG00000123358,NR4A1,Nuclear receptor,Yes
ENSG00000153234,NR4A2,Nuclear receptor,Yes
ENSG00000119508,NR4A3,Nuclear receptor,Yes
ENSG00000136931,NR5A1,Nuclear receptor,Yes
ENSG00000116833,NR5A2,Nuclear receptor,Yes
ENSG00000148200,NR6A1,Nuclear receptor,Yes
ENSG00000082175,PGR,Nuclear receptor,Yes
ENSG00000186951,PPARA,Nuclear receptor,Yes
ENSG00000112033,PPARD,Nuclear receptor,Yes
ENSG00000132170,PPARG,Nuclear receptor,Yes
ENSG00000131759,RARA,Nuclear receptor,Yes
ENSG00000077092,RARB,Nuclear receptor,Yes
ENSG00000172819,RARG,Nuclear receptor,Yes
ENSG00000069667,RORA,Nuclear receptor,Yes
ENSG00000198963,RORB,Nuclear receptor,Yes
ENSG00000143365,RORC,Nuclear receptor,Yes
ENSG00000186350,RXRA,Nuclear receptor,Yes
ENSG00000204231,RXRB,Nuclear receptor,Yes
ENSG00000143171,RXRG,Nuclear receptor,Yes
ENSG00000126351,THRA,Nuclear receptor,Yes
ENSG00000151090,THRB,Nuclear receptor,Yes
ENSG00000111424,VDR,Nuclear receptor,Yes
ENSG00000275700,AATF,Unknown,No
ENSG00000097007,ABL1,Unknown,No
ENSG00000174429,ABRA,Unknown,No
ENSG00000142396,AC020915.1,Unknown,No
ENSG00000102794,ACOD1,Unknown,No
ENSG00000133627,ACTR3B,Unknown,No
ENSG00000106526,ACTR3C,Unknown,No
ENSG00000151651,ADAM8,Unknown,No
ENSG00000140470,ADAMTS17,Unknown,No
ENSG00000145808,ADAMTS19,Unknown,No
ENSG00000160710,ADAR,Unknown,No
ENSG00000197177,ADGRA1,Unknown,No
ENSG00000182885,ADGRG3,Unknown,No
ENSG00000106624,AEBP1,Unknown,Yes
ENSG00000104964,AES,Unknown,No
ENSG00000196526,AFAP1 ,Unknown,No
ENSG00000172493,AFF1,Unknown,No
ENSG00000144218,AFF3,Unknown,No
ENSG00000072364,AFF4,Unknown,No
ENSG00000204305,AGER,Unknown,No
ENSG00000135744,AGT,Unknown,No
ENSG00000163568,AIM2,Unknown,No
ENSG00000142208,AKT1,Unknown,No
ENSG00000171094,ALK,Unknown,No
ENSG00000189046,ALKBH2,Unknown,No
ENSG00000104899,AMH,Unknown,No
ENSG00000176248,ANAPC2,Unknown,No
ENSG00000148513,ANKRD30A,Unknown,No
ENSG00000138772,ANXA3,Unknown,No
ENSG00000196975,ANXA4,Unknown,No
ENSG00000242802,AP5Z1,Unknown,No
ENSG00000113108,APBB3,Unknown,No
ENSG00000100823,APEX1,Unknown,No
ENSG00000262156,APOBEC3A,Unknown,No
ENSG00000179750,APOBEC3B,Unknown,No
ENSG00000239713,APOBEC3G,Unknown,No
ENSG00000137074,APTX,Unknown,No
ENSG00000160007,ARHGAP35,Unknown,Yes
ENSG00000116584,ARHGEF2,Unknown,No
ENSG00000050327,ARHGEF5,Unknown,No
ENSG00000137486,ARRB1,Unknown,No
ENSG00000141480,ARRB2,Unknown,No
ENSG00000138303,ASCC1,Unknown,No
ENSG00000171681,ATF7IP,Unknown,No
ENSG00000149311,ATM,Unknown,No
ENSG00000175054,ATR,Unknown,No
ENSG00000085224,ATRX,Unknown,No
ENSG00000163635,ATXN7,Unknown,No
ENSG00000107262,BAG1,Unknown,No
ENSG00000175334,BANF1,Unknown,No
ENSG00000172530,BANP,Unknown,No
ENSG00000142867,BCL10,Unknown,No
ENSG00000069399,BCL3,Unknown,No
ENSG00000029363,BCLAF1,Unknown,No
ENSG00000183337,BCOR,Unknown,No
ENSG00000145734,BDP1,Unknown,No
ENSG00000133169,BEX1,Unknown,No
ENSG00000136717,BIN1,Unknown,No
ENSG00000197299,BLM,Unknown,No
ENSG00000117475,BLZF1,Unknown,No
ENSG00000168283,BMI1,Unknown,No
ENSG00000125845,BMP2,Unknown,No
ENSG00000125378,BMP4,Unknown,No
ENSG00000101144,BMP7,Unknown,No
ENSG00000107779,BMPR1A,Unknown,No
ENSG00000038219,BOD1L1,Unknown,No
ENSG00000178096,BOLA1,Unknown,No
ENSG00000183336,BOLA2,Unknown,No
ENSG00000169627,BOLA2B,Unknown,No
ENSG00000163170,BOLA3,Unknown,No
ENSG00000162813,BPNT1,Unknown,No
ENSG00000171634,BPTF,Unknown,Yes
ENSG00000012048,BRCA1,Unknown,No
ENSG00000141867,BRD4,Unknown,No
ENSG00000166164,BRD7,Unknown,No
ENSG00000112983,BRD8,Unknown,No
ENSG00000028310,BRD9,Unknown,No
ENSG00000185024,BRF1,Unknown,No
ENSG00000104221,BRF2,Unknown,Yes
ENSG00000174744,BRMS1,Unknown,No
ENSG00000156983,BRPF1,Unknown,No
ENSG00000095564,BTAF1,Unknown,No
ENSG00000189195,BTBD8,Unknown,No
ENSG00000159388,BTG2,Unknown,No
ENSG00000010671,BTK,Unknown,No
ENSG00000166167,BTRC,Unknown,No
ENSG00000106245,BUD31,Unknown,No
ENSG00000179008,C14orf39,Unknown,No
ENSG00000197223,C1D,Unknown,No
ENSG00000088854,C20orf194,Unknown,No
ENSG00000174928,C3orf33,Unknown,No
ENSG00000105298,CACTIN,Unknown,No
ENSG00000183049,CAMK1D,Unknown,No
ENSG00000070808,CAMK2A,Unknown,No
ENSG00000103326,CAPN15,Unknown,No
ENSG00000092529,CAPN3,Unknown,No
ENSG00000198286,CARD11,Unknown,No
ENSG00000141527,CARD14,Unknown,No
ENSG00000138380,CARF,Unknown,Yes
ENSG00000118412,CASP8AP2,Unknown,No
ENSG00000121691,CAT,Unknown,No
ENSG00000078699,CBFA2T2,Unknown,No
ENSG00000129993,CBFA2T3,Unknown,No
ENSG00000067955,CBFB,Unknown,No
ENSG00000110395,CBL,Unknown,No
ENSG00000105879,CBLL1,Unknown,No
ENSG00000132024,CC2D1A,Unknown,Yes
ENSG00000154222,CC2D1B,Unknown,No
ENSG00000177352,CCDC71,Unknown,No
ENSG00000129315,CCNT1,Unknown,No
ENSG00000082258,CCNT2,Unknown,No
ENSG00000135218,CD36,Unknown,No
ENSG00000101017,CD40,Unknown,No
ENSG00000102245,CD40LG,Unknown,No
ENSG00000094804,CDC6,Unknown,No
ENSG00000108465,CDK5RAP3,Unknown,No
ENSG00000134058,CDK7,Unknown,No
ENSG00000132964,CDK8,Unknown,No
ENSG00000136807,CDK9,Unknown,No
ENSG00000124762,CDKN1A,Unknown,No
ENSG00000147889,CDKN2A,Unknown,No
ENSG00000115816,CEBPZ,Unknown,Yes
ENSG00000159409,CELF3,Unknown,No
ENSG00000115163,CENPA,Unknown,Yes
ENSG00000175279,CENPS,Unknown,Yes
ENSG00000102901,CENPT,Unknown,Yes
ENSG00000169689,CENPX,Unknown,Yes
ENSG00000003402,CFLAR,Unknown,No
ENSG00000163320,CGGBP1,Unknown,Yes
ENSG00000106554,CHCHD3,Unknown,Yes
ENSG00000153922,CHD1,Unknown,No
ENSG00000124177,CHD6,Unknown,No
ENSG00000171316,CHD7,Unknown,No
ENSG00000177200,CHD9,Unknown,No
ENSG00000187446,CHP1,Unknown,No
ENSG00000104472,CHRAC1,Unknown,No
ENSG00000213341,CHUK,Unknown,No
ENSG00000258289,CHURC1,Unknown,No
ENSG00000185043,CIB1,Unknown,No
ENSG00000179583,CIITA,Unknown,No
ENSG00000138433,CIR1,Unknown,No
ENSG00000125931,CITED1,Unknown,No
ENSG00000164442,CITED2,Unknown,No
ENSG00000179862,CITED4,Unknown,No
ENSG00000148337,CIZ1,Unknown,No
ENSG00000120885,CLU,Unknown,No
ENSG00000174600,CMKLR1,Unknown,No
ENSG00000169714,CNBP,Unknown,No
ENSG00000088038,CNOT3,Unknown,No
ENSG00000080802,CNOT4,Unknown,No
ENSG00000198791,CNOT7,Unknown,No
ENSG00000155508,CNOT8,Unknown,No
ENSG00000173163,COMMD1,Unknown,No
ENSG00000188243,COMMD6,Unknown,No
ENSG00000149600,COMMD7,Unknown,No
ENSG00000166200,COPS2,Unknown,No
ENSG00000141030,COPS3,Unknown,No
ENSG00000138663,COPS4,Unknown,No
ENSG00000214575,CPEB1,Unknown,Yes
ENSG00000005339,CREBBP,Unknown,No
ENSG00000143162,CREG1,Unknown,No
ENSG00000105662,CRTC1,Unknown,No
ENSG00000160741,CRTC2,Unknown,No
ENSG00000140577,CRTC3,Unknown,No
ENSG00000144655,CSRNP1,Unknown,Yes
ENSG00000110925,CSRNP2,Unknown,Yes
ENSG00000178662,CSRNP3,Unknown,Yes
ENSG00000159692,CTBP1,Unknown,No
ENSG00000175029,CTBP2,Unknown,No
ENSG00000116761,CTH,Unknown,No
ENSG00000168036,CTNNB1,Unknown,No
ENSG00000178585,CTNNBIP1,Unknown,No
ENSG00000055130,CUL1,Unknown,No
ENSG00000108094,CUL2,Unknown,No
ENSG00000036257,CUL3,Unknown,No
ENSG00000139842,CUL4A,Unknown,No
ENSG00000158290,CUL4B,Unknown,No
ENSG00000166266,CUL5,Unknown,No
ENSG00000083799,CYLD,Unknown,No
ENSG00000138061,CYP1B1,Unknown,No
ENSG00000170891,CYTL1,Unknown,No
ENSG00000136848,DAB2IP,Unknown,No
ENSG00000276644,DACH1,Unknown,Yes
ENSG00000126733,DACH2,Unknown,Yes
ENSG00000112977,DAP,Unknown,No
ENSG00000204209,DAXX,Unknown,No
ENSG00000272886,DCP1A,Unknown,No
ENSG00000167986,DDB1,Unknown,No
ENSG00000134574,DDB2,Unknown,No
ENSG00000181418,DDN,Unknown,No
ENSG00000162733,DDR2,Unknown,No
ENSG00000198171,DDRGK1,Unknown,No
ENSG00000215301,DDX3X,Unknown,No
ENSG00000108654,DDX5,Unknown,No
ENSG00000107201,DDX58,Unknown,No
ENSG00000124795,DEK,Unknown,No
ENSG00000024526,DEPDC1,Unknown,No
ENSG00000035499,DEPDC1B,Unknown,No
ENSG00000166153,DEPDC4,Unknown,No
ENSG00000100150,DEPDC5,Unknown,No
ENSG00000121690,DEPDC7,Unknown,No
ENSG00000155792,DEPTOR,Unknown,No
ENSG00000134815,DHX34,Unknown,No
ENSG00000174953,DHX36,Unknown,No
ENSG00000204624,DISP3,Unknown,No
ENSG00000178028,DMAP1,Unknown,No
ENSG00000100206,DMC1,Unknown,No
ENSG00000269502,DMRTC1,Unknown,No
ENSG00000138346,DNA2,Unknown,No
ENSG00000103423,DNAJA3,Unknown,No
ENSG00000168724,DNAJC21,Unknown,No
ENSG00000119772,DNMT3A,Unknown,No
ENSG00000088305,DNMT3B,Unknown,No
ENSG00000142182,DNMT3L,Unknown,No
ENSG00000107447,DNTT,Unknown,No
ENSG00000133884,DPF2,Unknown,No
ENSG00000117505,DR1,Unknown,Yes
ENSG00000175550,DRAP1,Unknown,Yes
ENSG00000096696,DSP,Unknown,No
ENSG00000135144,DTX1,Unknown,No
ENSG00000081721,DUSP12,Unknown,No
ENSG00000107404,DVL1,Unknown,No
ENSG00000004975,DVL2,Unknown,No
ENSG00000161202,DVL3,Unknown,No
ENSG00000158163,DZIP1L,Unknown,No
ENSG00000145088,EAF2,Unknown,No
ENSG00000158813,EDA,Unknown,No
ENSG00000131080,EDA2R,Unknown,No
ENSG00000107223,EDF1,Unknown,No
ENSG00000078401,EDN1,Unknown,No
ENSG00000074266,EED,Unknown,No
ENSG00000135766,EGLN1,Unknown,No
ENSG00000255302,EID1,Unknown,No
ENSG00000176396,EID2,Unknown,No
ENSG00000055332,EIF2AK2,Unknown,No
ENSG00000128829,EIF2AK4,Unknown,No
ENSG00000184110,EIF3C,Unknown,No
ENSG00000205609,EIF3CL,Unknown,No
ENSG00000178982,EIF3K,Unknown,No
ENSG00000154920,EME1,Unknown,No
ENSG00000074800,ENO1,Unknown,No
ENSG00000100393,EP300,Unknown,No
ENSG00000183495,EP400,Unknown,No
ENSG00000145242,EPHA5,Unknown,No
ENSG00000178567,EPM2AIP1,Unknown,No
ENSG00000112851,ERBIN,Unknown,No
ENSG00000082805,ERC1,Unknown,No
ENSG00000163161,ERCC3,Unknown,No
ENSG00000175595,ERCC4,Unknown,No
ENSG00000182944,EWSR1,Unknown,No
ENSG00000174371,EXO1,Unknown,No
ENSG00000112685,EXOC2,Unknown,No
ENSG00000157036,EXOG,Unknown,No
ENSG00000108799,EZH1,Unknown,No
ENSG00000106462,EZH2,Unknown,No
ENSG00000131944,FAAP24,Unknown,No
ENSG00000204677,FAM153C,Unknown,No
ENSG00000144369,FAM171B,Unknown,No
ENSG00000221909,FAM200A,Unknown,No
ENSG00000198690 ,FAN1,Unknown,No
ENSG00000187741,FANCA,Unknown,No
ENSG00000144554,FANCD2,Unknown,No
ENSG00000203780,FANK1,Unknown,No
ENSG00000179115,FARSA,Unknown,No
ENSG00000116120,FARSB,Unknown,No
ENSG00000166147,FBN1,Unknown,No
ENSG00000163013,FBXO41,Unknown,No
ENSG00000168496,FEN1,Unknown,No
ENSG00000151422,FER,Unknown,No
ENSG00000102302,FGD1,Unknown,No
ENSG00000115641,FHL2,Unknown,No
ENSG00000196924,FLNA,Unknown,No
ENSG00000157827,FMNL2,Unknown,No
ENSG00000162613,FUBP1,Unknown,No
ENSG00000107164,FUBP3,Unknown,No
ENSG00000089280,FUS,Unknown,No
ENSG00000157240,FZD1,Unknown,No
ENSG00000180340,FZD2,Unknown,No
ENSG00000174804,FZD4,Unknown,No
ENSG00000164930,FZD6,Unknown,No
ENSG00000104064,GABPB1,Unknown,No
ENSG00000143458,GABPB2,Unknown,No
ENSG00000116717,GADD45A,Unknown,No
ENSG00000183087,GAS6,Unknown,No
ENSG00000007237,GAS7,Unknown,No
ENSG00000005436,GCFC2,Unknown,No
ENSG00000178295,GEN1,Unknown,No
ENSG00000198715,GLMP,Unknown,Yes
ENSG00000173230,GOLGB1,Unknown,No
ENSG00000116580,GON4L,Unknown,No
ENSG00000186566,GPATCH8,Unknown,No
ENSG00000062194,GPBP1,Unknown,Yes
ENSG00000159592,GPBP1L1,Unknown,Yes
ENSG00000164850,GPER1,Unknown,No
ENSG00000163328,GPR155,Unknown,No
ENSG00000166923,GREM1,Unknown,No
ENSG00000113262,GRM6,Unknown,No
ENSG00000165417,GTF2A1,Unknown,No
ENSG00000242441,GTF2A1L,Unknown,No
ENSG00000140307,GTF2A2,Unknown,No
ENSG00000137947,GTF2B,Unknown,Yes
ENSG00000197265,GTF2E2,Unknown,No
ENSG00000125651,GTF2F1,Unknown,No
ENSG00000188342,GTF2F2,Unknown,No
ENSG00000110768,GTF2H1,Unknown,No
ENSG00000145736,GTF2H2,Unknown,No
ENSG00000183474,GTF2H2C,Unknown,No
ENSG00000111358,GTF2H3,Unknown,No
ENSG00000213780,GTF2H4,Unknown,No
ENSG00000077235,GTF3C1,Unknown,No
ENSG00000115207,GTF3C2,Unknown,No
ENSG00000189060,H1F0,Unknown,No
ENSG00000178804,H1FOO,Unknown,No
ENSG00000184897,H1FX,Unknown,No
ENSG00000135077,HAVCR2,Unknown,No
ENSG00000172534,HCFC1,Unknown,No
ENSG00000101336,HCK,Unknown,No
ENSG00000116478,HDAC1,Unknown,No
ENSG00000100429,HDAC10,Unknown,No
ENSG00000196591,HDAC2,Unknown,No
ENSG00000171720,HDAC3,Unknown,No
ENSG00000068024,HDAC4,Unknown,No
ENSG00000108840,HDAC5,Unknown,No
ENSG00000094631,HDAC6,Unknown,No
ENSG00000061273,HDAC7,Unknown,No
ENSG00000147099,HDAC8,Unknown,No
ENSG00000048052,HDAC9,Unknown,No
ENSG00000130589,HELZ2,Unknown,No
ENSG00000064393,HIPK2,Unknown,No
ENSG00000100084,HIRA,Unknown,No
ENSG00000124610,HIST1H1A,Unknown,No
ENSG00000184357,HIST1H1B,Unknown,No
ENSG00000187837,HIST1H1C,Unknown,No
ENSG00000124575,HIST1H1D,Unknown,No
ENSG00000168298,HIST1H1E,Unknown,No
ENSG00000187475,HIST1H1T,Unknown,No
ENSG00000179344,HLA-DQB1,Unknown,No
ENSG00000232629,HLA-DQB2,Unknown,No
ENSG00000196126,HLA-DRB1,Unknown,No
ENSG00000196101,HLA-DRB3,Unknown,No
ENSG00000198502,HLA-DRB5,Unknown,No
ENSG00000071794,HLTF,Unknown,No
ENSG00000100292,HMOX1,Unknown,No
ENSG00000135486,HNRNPA1,Unknown,No
ENSG00000170144,HNRNPA3,Unknown,No
ENSG00000197451,HNRNPAB,Unknown,No
ENSG00000275774,HNRNPCL2,Unknown,No
ENSG00000138668,HNRNPD,Unknown,No
ENSG00000152795,HNRNPDL,Unknown,No
ENSG00000165119,HNRNPK,Unknown,No
ENSG00000104824,HNRNPL,Unknown,No
ENSG00000153187,HNRNPU,Unknown,No
ENSG00000127483,HP1BP3,Unknown,No
ENSG00000168453,HR,Unknown,No
ENSG00000230989,HSBP1,Unknown,No
ENSG00000204389,HSPA1A,Unknown,No
ENSG00000204388,HSPA1B,Unknown,No
ENSG00000090339,ICAM1,Unknown,No
ENSG00000163565,IFI16,Unknown,No
ENSG00000171855,IFNB1,Unknown,No
ENSG00000211899,IGHM,Unknown,No
ENSG00000104365,IKBKB,Unknown,No
ENSG00000269335,IKBKG,Unknown,No
ENSG00000136634,IL10,Unknown,No
ENSG00000125538,IL1B,Unknown,No
ENSG00000196083,IL1RAP,Unknown,No
ENSG00000113520,IL4,Unknown,No
ENSG00000113525,IL5,Unknown,No
ENSG00000136244,IL6,Unknown,No
ENSG00000203485,INF2,Unknown,No
ENSG00000111653,ING4,Unknown,No
ENSG00000254647,INS,Unknown,No
ENSG00000184216,IRAK1,Unknown,No
ENSG00000134070,IRAK2,Unknown,No
ENSG00000090376,IRAK3,Unknown,No
ENSG00000170604,IRF2BP1,Unknown,No
ENSG00000078747,ITCH,Unknown,No
ENSG00000160255,ITGB2,Unknown,No
ENSG00000142856,ITGB3BP,Unknown,No
ENSG00000161652,IZUMO2,Unknown,No
ENSG00000077684,JADE1,Unknown,No
ENSG00000096968,JAK2,Unknown,No
ENSG00000152409,JMY,Unknown,No
ENSG00000173801,JUP,Unknown,No
ENSG00000139620,KANSL2,Unknown,No
ENSG00000108773,KAT2A,Unknown,No
ENSG00000114166,KAT2B,Unknown,No
ENSG00000172977,KAT5,Unknown,No
ENSG00000083168,KAT6A,Unknown,No
ENSG00000156650,KAT6B,Unknown,No
ENSG00000103510,KAT8,Unknown,No
ENSG00000115041,KCNIP3,Unknown,Yes
ENSG00000004487,KDM1A,Unknown,No
ENSG00000115548,KDM3A,Unknown,No
ENSG00000079999,KEAP1,Unknown,No
ENSG00000122778,KIAA1549,Unknown,No
ENSG00000130518,KIAA1683,Unknown,No
ENSG00000165185,KIAA1958,Unknown,No
ENSG00000157404,KIT,Unknown,No
ENSG00000184445,KNTC1,Unknown,No
ENSG00000133703,KRAS,Unknown,No
ENSG00000240747,KRBOX1,Unknown,No
ENSG00000205869,KRTAP5-1,Unknown,No
ENSG00000254997,KRTAP5-9,Unknown,No
ENSG00000198083,KRTAP9-9,Unknown,No
ENSG00000155506,LARP1,Unknown,No
ENSG00000138709,LARP1B,Unknown,No
ENSG00000161813,LARP4,Unknown,No
ENSG00000107929,LARP4B,Unknown,No
ENSG00000166173,LARP6,Unknown,No
ENSG00000174720,LARP7,Unknown,No
ENSG00000168961,LGALS9,Unknown,No
ENSG00000205213,LGR4,Unknown,No
ENSG00000105486,LIG1,Unknown,No
ENSG00000005156,LIG3,Unknown,No
ENSG00000135363,LMO2,Unknown,No
ENSG00000143013,LMO4,Unknown,No
ENSG00000145012,LPP,Unknown,No
ENSG00000162337,LRP5,Unknown,No
ENSG00000070018,LRP6,Unknown,No
ENSG00000157193,LRP8,Unknown,No
ENSG00000124831,LRRFIP1,Unknown,No
ENSG00000093167,LRRFIP2,Unknown,No
ENSG00000105699,LSR,Unknown,No
ENSG00000012223,LTF,Unknown,Yes
ENSG00000198862,LTN1,Unknown,No
ENSG00000163818,LZTFL1,Unknown,No
ENSG00000099949,LZTR1,Unknown,No
ENSG00000061337,LZTS1,Unknown,No
ENSG00000183742,MACC1,Unknown,No
ENSG00000127603,MACF1,Unknown,No
ENSG00000116670,MAD2L2,Unknown,No
ENSG00000172175,MALT1,Unknown,No
ENSG00000161021,MAML1,Unknown,No
ENSG00000196782,MAML3,Unknown,No
ENSG00000137764,MAP2K5,Unknown,No
ENSG00000130758,MAP3K10,Unknown,No
ENSG00000073803,MAP3K13,Unknown,No
ENSG00000135341,MAP3K7,Unknown,No
ENSG00000100030,MAPK1,Unknown,No
ENSG00000109339,MAPK10,Unknown,No
ENSG00000185386,MAPK11,Unknown,No
ENSG00000112062,MAPK14,Unknown,No
ENSG00000102882,MAPK3,Unknown,No
ENSG00000107643,MAPK8,Unknown,No
ENSG00000050748,MAPK9,Unknown,No
ENSG00000015479,MATR3,Unknown,No
ENSG00000088888,MAVS,Unknown,No
ENSG00000164430,MB21D1,Unknown,No
ENSG00000012174,MBTPS2,Unknown,No
ENSG00000112559,MDFI,Unknown,No
ENSG00000135679,MDM2,Unknown,No
ENSG00000198625,MDM4,Unknown,No
ENSG00000125686,MED1,Unknown,No
ENSG00000184634,MED12,Unknown,No
ENSG00000108510,MED13,Unknown,No
ENSG00000123066,MED13L,Unknown,No
ENSG00000180182,MED14,Unknown,No
ENSG00000099917,MED15,Unknown,No
ENSG00000175221,MED16,Unknown,No
ENSG00000042429,MED17,Unknown,No
ENSG00000152944,MED21,Unknown,No
ENSG00000112282,MED23,Unknown,No
ENSG00000008838,MED24,Unknown,No
ENSG00000133997,MED6,Unknown,No
ENSG00000133895,MEN1,Unknown,No
ENSG00000105976,MET,Unknown,No
ENSG00000170430,MGMT,Unknown,No
ENSG00000080561,MID2,Unknown,No
ENSG00000141503,MINK1,Unknown,No
ENSG00000196588,MKL1,Unknown,No
ENSG00000186260,MKL2,Unknown,No
ENSG00000179455,MKRN3,Unknown,No
ENSG00000130382,MLLT1,Unknown,No
ENSG00000078403,MLLT10,Unknown,No
ENSG00000213190,MLLT11,Unknown,No
ENSG00000171843,MLLT3,Unknown,No
ENSG00000275023,MLLT6,Unknown,No
ENSG00000169184,MN1,Unknown,No
ENSG00000020426,MNAT1,Unknown,No
ENSG00000103152,MPG,Unknown,No
ENSG00000086504,MRPL28,Unknown,No
ENSG00000148187,MRRF,Unknown,No
ENSG00000095002,MSH2,Unknown,No
ENSG00000113318,MSH3,Unknown,No
ENSG00000116062,MSH6,Unknown,No
ENSG00000005302,MSL3,Unknown,No
ENSG00000148450,MSRB2,Unknown,No
ENSG00000164078,MST1R,Unknown,No
ENSG00000147649,MTDH,Unknown,No
ENSG00000143033,MTF2,Unknown,Yes
ENSG00000105887,MTPN,Unknown,No
ENSG00000172732,MUS81,Unknown,No
ENSG00000132382,MYBBP1A,Unknown,No
ENSG00000214114,MYCBP,Unknown,No
ENSG00000172936,MYD88,Unknown,No
ENSG00000104177,MYEF2,Unknown,No
ENSG00000141052,MYOCD,Unknown,No
ENSG00000166886,NAB2,Unknown,No
ENSG00000139579,NABP2,Unknown,No
ENSG00000148411,NACC2,Unknown,Yes
ENSG00000266412,NCOA4,Unknown,No
ENSG00000124160,NCOA5,Unknown,No
ENSG00000198646,NCOA6,Unknown,No
ENSG00000111912,NCOA7,Unknown,No
ENSG00000182636,NDN,Unknown,No
ENSG00000124479,NDP,Unknown,No
ENSG00000140398,NEIL1,Unknown,No
ENSG00000235568,NFAM1,Unknown,No
ENSG00000230257,NFE4,Unknown,Yes
ENSG00000100906,NFKBIA,Unknown,No
ENSG00000104825,NFKBIB,Unknown,No
ENSG00000167604,NFKBID,Unknown,No
ENSG00000204498,NFKBIL1,Unknown,No
ENSG00000144802,NFKBIZ,Unknown,No
ENSG00000170322,NFRKB,Unknown,No
ENSG00000120837,NFYB,Unknown,Yes
ENSG00000066136,NFYC,Unknown,Yes
ENSG00000186416,NKRF,Unknown,Yes
ENSG00000167984,NLRC3,Unknown,No
ENSG00000091106,NLRC4,Unknown,No
ENSG00000140853,NLRC5,Unknown,No
ENSG00000142405,NLRP12,Unknown,No
ENSG00000215174,NLRP2B,Unknown,No
ENSG00000162711,NLRP3,Unknown,No
ENSG00000243678,NME2,Unknown,Yes
ENSG00000173145,NOC3L,Unknown,No
ENSG00000184967,NOC4L,Unknown,No
ENSG00000151014,NOCT,Unknown,No
ENSG00000106100,NOD1,Unknown,No
ENSG00000167207,NOD2,Unknown,No
ENSG00000156574,NODAL,Unknown,No
ENSG00000147140,NONO,Unknown,No
ENSG00000111641,NOP2,Unknown,No
ENSG00000148400,NOTCH1,Unknown,No
ENSG00000134250,NOTCH2,Unknown,No
ENSG00000074181,NOTCH3,Unknown,No
ENSG00000181163,NPM1,Unknown,No
ENSG00000131910,NR0B2,Unknown,No
ENSG00000106459,NRF1,Unknown,Yes
ENSG00000157168,NRG1,Unknown,No
ENSG00000180530,NRIP1,Unknown,No
ENSG00000175352,NRIP3,Unknown,No
ENSG00000123572,NRK,Unknown,No
ENSG00000165671,NSD1,Unknown,No
ENSG00000198400,NTRK1,Unknown,No
ENSG00000069275,NUCKS1,Unknown,No
ENSG00000110713,NUP98,Unknown,No
ENSG00000114026,OGG1,Unknown,No
ENSG00000116329,OPRD1,Unknown,No
ENSG00000182938,OTOP3,Unknown,No
ENSG00000154124,OTULIN,Unknown,No
ENSG00000170515,PA2G4,Unknown,Yes
ENSG00000100836,PABPN1,Unknown,No
ENSG00000116288,PARK7,Unknown,No
ENSG00000143799,PARP1,Unknown,No
ENSG00000178685,PARP10,Unknown,No
ENSG00000177425,PAWR,Unknown,No
ENSG00000159086,PAXBP1,Unknown,No
ENSG00000157212,PAXIP1,Unknown,No
ENSG00000166228,PCBD1,Unknown,No
ENSG00000169564,PCBP1,Unknown,No
ENSG00000197111,PCBP2,Unknown,No
ENSG00000183570,PCBP3,Unknown,No
ENSG00000277258,PCGF2,Unknown,Yes
ENSG00000156374,PCGF6,Unknown,Yes
ENSG00000132646,PCNA,Unknown,No
ENSG00000140479,PCSK6,Unknown,No
ENSG00000090470,PDCD7,Unknown,No
ENSG00000083642,PDS5B,Unknown,No
ENSG00000197329,PELI1,Unknown,No
ENSG00000179094,PER1,Unknown,No
ENSG00000132326,PER2,Unknown,No
ENSG00000049246,PER3,Unknown,No
ENSG00000142655,PEX14,Unknown,No
ENSG00000113068,PFDN1,Unknown,No
ENSG00000137338,PGBD1,Unknown,No
ENSG00000087157,PGS1,Unknown,No
ENSG00000167085,PHB,Unknown,No
ENSG00000215021,PHB2,Unknown,No
ENSG00000112511,PHF1,Unknown,Yes
ENSG00000119403,PHF19 ,Unknown,Yes
ENSG00000100410,PHF5A,Unknown,No
ENSG00000116793,PHTF1,Unknown,No
ENSG00000006576,PHTF2,Unknown,No
ENSG00000033800,PIAS1,Unknown,No
ENSG00000078043,PIAS2,Unknown,No
ENSG00000131788,PIAS3,Unknown,No
ENSG00000105229,PIAS4,Unknown,No
ENSG00000177595,PIDD1,Unknown,No
ENSG00000115020,PIKFYVE,Unknown,No
ENSG00000137193,PIM1,Unknown,No
ENSG00000158828,PINK1,Unknown,No
ENSG00000170927,PKHD1,Unknown,No
ENSG00000205038,PKHD1L1,Unknown,No
ENSG00000069764,PLA2G10,Unknown,No
ENSG00000170890,PLA2G1B,Unknown,No
ENSG00000115956,PLEK,Unknown,No
ENSG00000100558,PLEK2,Unknown,No
ENSG00000105559,PLEKHA4,Unknown,No
ENSG00000162407,PLPP3,Unknown,No
ENSG00000188313,PLSCR1,Unknown,Yes
ENSG00000114554,PLXNA1,Unknown,No
ENSG00000076356,PLXNA2,Unknown,No
ENSG00000130827,PLXNA3,Unknown,No
ENSG00000221866,PLXNA4,Unknown,No
ENSG00000164050,PLXNB1,Unknown,No
ENSG00000196576,PLXNB2,Unknown,No
ENSG00000198753,PLXNB3,Unknown,No
ENSG00000136040,PLXNC1,Unknown,No
ENSG00000004399,PLXND1,Unknown,No
ENSG00000140464,PML,Unknown,No
ENSG00000039650,PNKP,Unknown,No
ENSG00000143442,POGZ,Unknown,No
ENSG00000101868,POLA1,Unknown,No
ENSG00000070501,POLB,Unknown,No
ENSG00000148229,POLE3,Unknown,No
ENSG00000115350,POLE4,Unknown,No
ENSG00000140521,POLG,Unknown,No
ENSG00000170734,POLH,Unknown,No
ENSG00000101751,POLI,Unknown,No
ENSG00000122008,POLK,Unknown,No
ENSG00000166169,POLL,Unknown,No
ENSG00000122678,POLM,Unknown,No
ENSG00000130997,POLN,Unknown,No
ENSG00000051341,POLQ,Unknown,No
ENSG00000125630,POLR1B,Unknown,No
ENSG00000181222,POLR2A,Unknown,No
ENSG00000047315,POLR2B,Unknown,No
ENSG00000099817,POLR2E,Unknown,No
ENSG00000005075,POLR2J,Unknown,No
ENSG00000147669,POLR2K,Unknown,No
ENSG00000177700,POLR2L,Unknown,No
ENSG00000148606,POLR3A,Unknown,No
ENSG00000099821,POLRMT,Unknown,No
ENSG00000128513,POT1,Unknown,No
ENSG00000110777,POU2AF1,Unknown,Yes
ENSG00000109819,PPARGC1A,Unknown,No
ENSG00000155846,PPARGC1B,Unknown,No
ENSG00000104881,PPP1R13L,Unknown,No
ENSG00000167393,PPP2R3B,Unknown,No
ENSG00000068971,PPP2R5B,Unknown,No
ENSG00000138814,PPP3CA,Unknown,No
ENSG00000148840,PPRC1,Unknown,No
ENSG00000102103,PQBP1,Unknown,No
ENSG00000133246,PRAM1,Unknown,No
ENSG00000165828,PRAP1,Unknown,No
ENSG00000197870,PRB3,Unknown,No
ENSG00000126856,PRDM7,Unknown,No
ENSG00000165672,PRDX3,Unknown,No
ENSG00000138073,PREB,Unknown,Yes
ENSG00000124126,PREX1,Unknown,No
ENSG00000046889,PREX2,Unknown,No
ENSG00000134551,PRH2,Unknown,No
ENSG00000146143,PRIM2,Unknown,No
ENSG00000164306,PRIMPOL,Unknown,No
ENSG00000166501,PRKCB,Unknown,No
ENSG00000027075,PRKCH,Unknown,No
ENSG00000163558,PRKCI,Unknown,No
ENSG00000065675,PRKCQ,Unknown,No
ENSG00000067606,PRKCZ,Unknown,No
ENSG00000184304,PRKD1,Unknown,No
ENSG00000105287,PRKD2,Unknown,No
ENSG00000185345,PRKN,Unknown,No
ENSG00000160310,PRMT2,Unknown,No
ENSG00000171867,PRNP,Unknown,No
ENSG00000100902,PSMA6,Unknown,No
ENSG00000087191,PSMC5,Unknown,No
ENSG00000101843,PSMD10,Unknown,No
ENSG00000108671,PSMD11,Unknown,No
ENSG00000197170,PSMD12,Unknown,No
ENSG00000121390,PSPC1,Unknown,No
ENSG00000185920,PTCH1,Unknown,No
ENSG00000171862,PTEN,Unknown,No
ENSG00000124212,PTGIS,Unknown,No
ENSG00000152266,PTH,Unknown,No
ENSG00000164611,PTTG1,Unknown,No
ENSG00000080608,PUM3,Unknown,No
ENSG00000185129,PURA,Unknown,Yes
ENSG00000146676,PURB,Unknown,Yes
ENSG00000172733,PURG,Unknown,Yes
ENSG00000103490,PYCARD,Unknown,No
ENSG00000169900,PYDC1,Unknown,No
ENSG00000253548,PYDC2,Unknown,No
ENSG00000198218,QRICH1,Unknown,No
ENSG00000276600,RAB7B,Unknown,No
ENSG00000164754,RAD21,Unknown,No
ENSG00000051180,RAD51,Unknown,No
ENSG00000166349,RAG1,Unknown,Yes
ENSG00000108557,RAI1,Unknown,No
ENSG00000079337,RAPGEF3,Unknown,No
ENSG00000091428,RAPGEF4,Unknown,No
ENSG00000136237,RAPGEF5,Unknown,No
ENSG00000139687,RB1,Unknown,No
ENSG00000102054,RBBP7,Unknown,No
ENSG00000125826,RBCK1,Unknown,Yes
ENSG00000080839,RBL1,Unknown,No
ENSG00000103479,RBL2,Unknown,No
ENSG00000182872,RBM10,Unknown,No
ENSG00000203867,RBM20,Unknown,No
ENSG00000086589,RBM22,Unknown,No
ENSG00000139746,RBM26,Unknown,No
ENSG00000091009,RBM27,Unknown,No
ENSG00000003756,RBM5,Unknown,No
ENSG00000004534,RBM6,Unknown,No
ENSG00000159200,RCAN1,Unknown,No
ENSG00000004700,RECQL,Unknown,No
ENSG00000164620,RELL2,Unknown,No
ENSG00000189056,RELN,Unknown,No
ENSG00000135945,REV1,Unknown,No
ENSG00000148300,REXO4,Unknown,Yes
ENSG00000035928,RFC1,Unknown,No
ENSG00000064490,RFXANK,Unknown,No
ENSG00000133111,RFXAP,Unknown,No
ENSG00000102760,RGCC,Unknown,No
ENSG00000076344,RGS11,Unknown,No
ENSG00000182732,RGS6,Unknown,No
ENSG00000182901,RGS7,Unknown,No
ENSG00000108370,RGS9,Unknown,No
ENSG00000167550,RHEBL1,Unknown,No
ENSG00000204227,RING1,Unknown,No
ENSG00000058729,RIOK2,Unknown,No
ENSG00000137275,RIPK1,Unknown,No
ENSG00000104312,RIPK2,Unknown,No
ENSG00000129465,RIPK3,Unknown,No
ENSG00000183421,RIPK4,Unknown,No
ENSG00000131263,RLIM,Unknown,No
ENSG00000169385,RNASE2,Unknown,No
ENSG00000171865,RNASEH1,Unknown,No
ENSG00000124226,RNF114,Unknown,No
ENSG00000101695,RNF125,Unknown,No
ENSG00000134758,RNF138,Unknown,No
ENSG00000013561,RNF14,Unknown,No
ENSG00000158717,RNF166,Unknown,No
ENSG00000121481,RNF2,Unknown,No
ENSG00000163481,RNF25,Unknown,No
ENSG00000092098,RNF31,Unknown,No
ENSG00000063978,RNF4,Unknown,No
ENSG00000181852,RNF41,Unknown,No
ENSG00000117748,RPA2,Unknown,No
ENSG00000204086,RPA4,Unknown,No
ENSG00000147604,RPL7,Unknown,No
ENSG00000148303,RPL7A,Unknown,No
ENSG00000143947,RPS27A,Unknown,No
ENSG00000162302,RPS6KA4,Unknown,No
ENSG00000100784,RPS6KA5,Unknown,No
ENSG00000085721,RRN3,Unknown,No
ENSG00000079102,RUNX1T1,Unknown,No
ENSG00000122481,RWDD3,Unknown,No
ENSG00000163602,RYBP,Unknown,No
ENSG00000163221,S100A12,Unknown,No
ENSG00000143546,S100A8,Unknown,No
ENSG00000163220,S100A9,Unknown,No
ENSG00000160633,SAFB,Unknown,Yes
ENSG00000130254,SAFB2,Unknown,Yes
ENSG00000151748,SAV1,Unknown,No
ENSG00000171222,SCAND1,Unknown,No
ENSG00000176700,SCAND2P,Unknown,No
ENSG00000140386,SCAPER,Unknown,No
ENSG00000010803,SCMH1,Unknown,Yes
ENSG00000047634,SCML1,Unknown,No
ENSG00000102098,SCML2,Unknown,No
ENSG00000196189,SEMA4A,Unknown,No
ENSG00000197019,SERTAD1,Unknown,No
ENSG00000179833,SERTAD2,Unknown,No
ENSG00000103037,SETD6,Unknown,No
ENSG00000104897,SF3A2,Unknown,No
ENSG00000183431,SF3A3,Unknown,No
ENSG00000116560,SFPQ,Unknown,No
ENSG00000106483,SFRP4,Unknown,No
ENSG00000120057,SFRP5,Unknown,No
ENSG00000168878,SFTPB,Unknown,No
ENSG00000118515,SGK1,Unknown,No
ENSG00000104205,SGK3,Unknown,No
ENSG00000164690,SHH,Unknown,No
ENSG00000146414,SHPRH,Unknown,No
ENSG00000185187,SIGIRR,Unknown,No
ENSG00000142178,SIK1,Unknown,No
ENSG00000169375,SIN3A,Unknown,No
ENSG00000127511,SIN3B,Unknown,No
ENSG00000096717,SIRT1,Unknown,No
ENSG00000068903,SIRT2,Unknown,No
ENSG00000142082,SIRT3,Unknown,No
ENSG00000077463,SIRT6,Unknown,No
ENSG00000184990,SIVA1,Unknown,No
ENSG00000157933,SKI,Unknown,Yes
ENSG00000180592,SKIDA1,Unknown,No
ENSG00000136603,SKIL,Unknown,Yes
ENSG00000188779,SKOR1,Unknown,Yes
ENSG00000197208,SLC22A4,Unknown,No
ENSG00000135502,SLC26A10,Unknown,No
ENSG00000091138,SLC26A3,Unknown,No
ENSG00000014824,SLC30A9,Unknown,No
ENSG00000196950,SLC39A10,Unknown,No
ENSG00000144290,SLC4A10,Unknown,No
ENSG00000080503,SMARCA2,Unknown,No
ENSG00000127616,SMARCA4,Unknown,No
ENSG00000138375,SMARCAL1,Unknown,No
ENSG00000099956,SMARCB1,Unknown,No
ENSG00000066117,SMARCD1,Unknown,No
ENSG00000108604,SMARCD2,Unknown,No
ENSG00000082014,SMARCD3,Unknown,No
ENSG00000108055,SMC3,Unknown,No
ENSG00000128602,SMO,Unknown,No
ENSG00000123415,SMUG1,Unknown,No
ENSG00000115593,SMYD1,Unknown,No
ENSG00000185420,SMYD3,Unknown,Yes
ENSG00000104976,SNAPC2,Unknown,Yes
ENSG00000174446,SNAPC5,Unknown,Yes
ENSG00000124562,SNRPC,Unknown,No
ENSG00000273173,SNURF,Unknown,No
ENSG00000100603,SNW1,Unknown,No
ENSG00000214338,SOGA3,Unknown,No
ENSG00000159140,SON,Unknown,Yes
ENSG00000154556,SORBS2,Unknown,No
ENSG00000065526,SPEN,Unknown,Yes
ENSG00000176170,SPHK1,Unknown,No
ENSG00000164299,SPZ1,Unknown,Yes
ENSG00000138385,SSB,Unknown,No
ENSG00000145687,SSBP2,Unknown,No
ENSG00000157216,SSBP3,Unknown,No
ENSG00000130511,SSBP4,Unknown,No
ENSG00000084112,SSH1,Unknown,No
ENSG00000141298,SSH2,Unknown,No
ENSG00000172830,SSH3,Unknown,No
ENSG00000126752,SSX1,Unknown,No
ENSG00000118007,STAG1,Unknown,No
ENSG00000115661,STK16,Unknown,No
ENSG00000104375,STK3,Unknown,No
ENSG00000163482,STK36,Unknown,No
ENSG00000115808,STRN,Unknown,No
ENSG00000196792,STRN3,Unknown,No
ENSG00000113387,SUB1,Unknown,No
ENSG00000107882,SUFU,Unknown,No
ENSG00000116030,SUMO1,Unknown,No
ENSG00000092201,SUPT16H,Unknown,No
ENSG00000213246,SUPT4H1,Unknown,No
ENSG00000196235,SUPT5H,Unknown,No
ENSG00000109111,SUPT6H,Unknown,No
ENSG00000101945,SUV39H1,Unknown,No
ENSG00000152455,SUV39H2,Unknown,No
ENSG00000178691,SUZ12,Unknown,No
ENSG00000165025,SYK,Unknown,No
ENSG00000100324,TAB1,Unknown,No
ENSG00000055208,TAB2,Unknown,No
ENSG00000157625,TAB3,Unknown,No
ENSG00000171148,TADA3,Unknown,No
ENSG00000147133,TAF1,Unknown,No
ENSG00000166337,TAF10,Unknown,No
ENSG00000064995,TAF11,Unknown,No
ENSG00000120656,TAF12,Unknown,No
ENSG00000197780,TAF13,Unknown,No
ENSG00000143498,TAF1A,Unknown,No
ENSG00000115750,TAF1B,Unknown,No
ENSG00000103168,TAF1C,Unknown,No
ENSG00000122728,TAF1L,Unknown,No
ENSG00000064313,TAF2,Unknown,No
ENSG00000165632,TAF3,Unknown,No
ENSG00000130699,TAF4,Unknown,No
ENSG00000141384,TAF4B,Unknown,No
ENSG00000148835,TAF5,Unknown,No
ENSG00000135801,TAF5L,Unknown,No
ENSG00000106290,TAF6,Unknown,No
ENSG00000162227,TAF6L,Unknown,No
ENSG00000178913,TAF7,Unknown,No
ENSG00000102387,TAF7L,Unknown,No
ENSG00000137413,TAF8,Unknown,No
ENSG00000273841,TAF9,Unknown,No
ENSG00000187325,TAF9B,Unknown,No
ENSG00000120948,TARDBP,Unknown,No
ENSG00000106052,TAX1BP1,Unknown,No
ENSG00000092377,TBL1Y,Unknown,No
ENSG00000171703,TCEA2,Unknown,No
ENSG00000172465,TCEAL1,Unknown,No
ENSG00000182916,TCEAL7,Unknown,No
ENSG00000180964,TCEAL8,Unknown,No
ENSG00000137310,TCF19,Unknown,No
ENSG00000100207,TCF20,Unknown,Yes
ENSG00000141002,TCF25,Unknown,No
ENSG00000139372,TDG,Unknown,No
ENSG00000042088,TDP1,Unknown,No
ENSG00000111802,TDP2,Unknown,No
ENSG00000168769,TET2,Unknown,Yes
ENSG00000105329,TGFB1,Unknown,No
ENSG00000140682,TGFB1I1,Unknown,No
ENSG00000137574,TGS1,Unknown,No
ENSG00000054118,THRAP3,Unknown,No
ENSG00000151500,THYN1,Unknown,Yes
ENSG00000116001,TIA1,Unknown,No
ENSG00000127666,TICAM1,Unknown,No
ENSG00000163659,TIPARP,Unknown,No
ENSG00000150455,TIRAP,Unknown,No
ENSG00000196781,TLE1,Unknown,No
ENSG00000065717,TLE2,Unknown,No
ENSG00000140332,TLE3,Unknown,No
ENSG00000106829,TLE4,Unknown,No
ENSG00000104953,TLE6,Unknown,No
ENSG00000137462,TLR2,Unknown,No
ENSG00000164342,TLR3,Unknown,No
ENSG00000136869,TLR4,Unknown,No
ENSG00000239732,TLR9,Unknown,No
ENSG00000204278,TMEM235,Unknown,No
ENSG00000144747,TMF1,Unknown,Yes
ENSG00000232810,TNF,Unknown,No
ENSG00000118503,TNFAIP3,Unknown,No
ENSG00000141655,TNFRSF11A,Unknown,No
ENSG00000186827,TNFRSF4,Unknown,No
ENSG00000120659,TNFSF11,Unknown,No
ENSG00000120337,TNFSF18,Unknown,No
ENSG00000117586,TNFSF4,Unknown,No
ENSG00000160949,TONSL,Unknown,No
ENSG00000198900,TOP1,Unknown,No
ENSG00000131747,TOP2A,Unknown,No
ENSG00000077097,TOP2B,Unknown,No
ENSG00000197579,TOPORS,Unknown,Yes
ENSG00000067369,TP53BP1,Unknown,No
ENSG00000102871,TRADD,Unknown,No
ENSG00000056558,TRAF1,Unknown,No
ENSG00000127191,TRAF2,Unknown,No
ENSG00000131323,TRAF3,Unknown,No
ENSG00000076604,TRAF4,Unknown,No
ENSG00000082512,TRAF5,Unknown,No
ENSG00000175104,TRAF6,Unknown,No
ENSG00000167632,TRAPPC9,Unknown,No
ENSG00000213689,TREX1,Unknown,No
ENSG00000173334,TRIB1,Unknown,No
ENSG00000101255,TRIB3,Unknown,No
ENSG00000204977,TRIM13,Unknown,No
ENSG00000106785,TRIM14,Unknown,No
ENSG00000204610,TRIM15,Unknown,No
ENSG00000132109,TRIM21,Unknown,No
ENSG00000132274,TRIM22,Unknown,No
ENSG00000113595,TRIM23,Unknown,No
ENSG00000122779,TRIM24,Unknown,No
ENSG00000121060,TRIM25,Unknown,No
ENSG00000234127,TRIM26,Unknown,No
ENSG00000204713,TRIM27,Unknown,No
ENSG00000130726,TRIM28,Unknown,No
ENSG00000137699,TRIM29,Unknown,No
ENSG00000110171,TRIM3,Unknown,No
ENSG00000204616,TRIM31,Unknown,No
ENSG00000119401,TRIM32,Unknown,No
ENSG00000197323,TRIM33,Unknown,No
ENSG00000258659,TRIM34,Unknown,No
ENSG00000108395,TRIM37,Unknown,No
ENSG00000112343,TRIM38,Unknown,No
ENSG00000204614,TRIM40,Unknown,No
ENSG00000132256,TRIM5,Unknown,No
ENSG00000183718,TRIM52,Unknown,No
ENSG00000116525,TRIM62,Unknown,No
ENSG00000171206,TRIM8,Unknown,No
ENSG00000100815,TRIP11,Unknown,No
ENSG00000043514,TRIT1,Unknown,No
ENSG00000121486,TRMT1L,Unknown,No
ENSG00000196367,TRRAP,Unknown,No
ENSG00000103197,TSC2,Unknown,No
ENSG00000102804,TSC22D1,Unknown,Yes
ENSG00000196428,TSC22D2,Unknown,No
ENSG00000157514,TSC22D3,Unknown,No
ENSG00000166925,TSC22D4,Unknown,No
ENSG00000211460,TSN,Unknown,No
ENSG00000139908,TSSK4,Unknown,No
ENSG00000166402,TUB,Unknown,No
ENSG00000130338,TULP4,Unknown,No
ENSG00000149016,TUT1,Unknown,No
ENSG00000074966,TXK,Unknown,No
ENSG00000160201,U2AF1,Unknown,No
ENSG00000161265,U2AF1L4,Unknown,No
ENSG00000221983,UBA52,Unknown,No
ENSG00000170315,UBB,Unknown,No
ENSG00000150991,UBC,Unknown,No
ENSG00000078140,UBE2K,Unknown,No
ENSG00000177889,UBE2N,Unknown,No
ENSG00000244687,UBE2V1,Unknown,No
ENSG00000118900,UBN1,Unknown,No
ENSG00000127481,UBR4,Unknown,No
ENSG00000228970,UBTFL6,Unknown,No
ENSG00000014123,UFL1,Unknown,No
ENSG00000276043,UHRF1,Unknown,No
ENSG00000147854,UHRF2,Unknown,No
ENSG00000076248,UNG,Unknown,No
ENSG00000168883,USP39,Unknown,No
ENSG00000187555,USP7,Unknown,No
ENSG00000171794,UTF1,Unknown,No
ENSG00000141968,VAV1,Unknown,No
ENSG00000112715,VEGFA,Unknown,No
ENSG00000102243,VGLL1,Unknown,No
ENSG00000170162,VGLL2,Unknown,No
ENSG00000206538,VGLL3,Unknown,No
ENSG00000189030,VHLL,Unknown,No
ENSG00000163159,VPS72,Unknown,No
ENSG00000109501,WFS1,Unknown,No
ENSG00000125084,WNT1,Unknown,No
ENSG00000169884,WNT10B,Unknown,No
ENSG00000105989,WNT2,Unknown,No
ENSG00000154342,WNT3A,Unknown,No
ENSG00000114251,WNT5A,Unknown,No
ENSG00000075290,WNT8B,Unknown,No
ENSG00000165392,WRN,Unknown,No
ENSG00000186153,WWOX,Unknown,No
ENSG00000198373,WWP2,Unknown,No
ENSG00000018408,WWTR1,Unknown,No
ENSG00000143184,XCL1,Unknown,No
ENSG00000136936,XPA,Unknown,Yes
ENSG00000163872,YEATS2,Unknown,No
ENSG00000127337,YEATS4,Unknown,No
ENSG00000180667,YOD1,Unknown,No
ENSG00000188707,ZBED6CL,Unknown,No
ENSG00000124256,ZBP1,Unknown,No
ENSG00000134744,ZCCHC11,Unknown,No
ENSG00000083223,ZCCHC6,Unknown,No
ENSG00000188818,ZDHHC11,Unknown,No
ENSG00000163958,ZDHHC19,Unknown,No
ENSG00000146007,ZMAT2,Unknown,No
ENSG00000123870,ZNF137P,Unknown,No
ENSG00000147394,ZNF185,Unknown,No
ENSG00000075292,ZNF638,Unknown,No
ENSG00000197302,ZNF720,Unknown,No
ENSG00000172687,ZNF738,Unknown,No
ENSG00000106479,ZNF862,Unknown,No
ENSG00000124201,ZNFX1,Unknown,No
ENSG00000132485,ZRANB2,Unknown,No
ENSG00000141510,TP53,p53,Yes
ENSG00000073282,TP63,p53,Yes
ENSG00000078900,TP73,p53,Yes
ENSG00000125813,PAX1,Paired box,Yes
ENSG00000196092,PAX5,Paired box,Yes
ENSG00000125618,PAX8,Paired box,Yes
ENSG00000198807,PAX9,Paired box,Yes
ENSG00000196233,LCOR,Pipsqueak,Yes
ENSG00000178177,LCORL,Pipsqueak,Yes
ENSG00000117707,PROX1,Prospero,Yes
ENSG00000119608,PROX2,Prospero,Yes
ENSG00000102908,NFAT5,Rel,Yes
ENSG00000131196,NFATC1,Rel,Yes
ENSG00000101096,NFATC2,Rel,Yes
ENSG00000072736,NFATC3,Rel,Yes
ENSG00000100968,NFATC4,Rel,Yes
ENSG00000109320,NFKB1,Rel,Yes
ENSG00000077150,NFKB2,Rel,Yes
ENSG00000162924,REL,Rel,Yes
ENSG00000173039,RELA,Rel,Yes
ENSG00000104856,RELB,Rel,Yes
ENSG00000132005,RFX1,RFX,Yes
ENSG00000087903,RFX2,RFX,Yes
ENSG00000080298,RFX3,RFX,Yes
ENSG00000111783,RFX4,RFX,Yes
ENSG00000143390,RFX5,RFX,Yes
ENSG00000185002,RFX6,RFX,Yes
ENSG00000181827,RFX7,RFX,Yes
ENSG00000196460,RFX8,RFX,Yes
ENSG00000159216,RUNX1,Runt,Yes
ENSG00000124813,RUNX2,Runt,Yes
ENSG00000020633,RUNX3,Runt,Yes
ENSG00000160224,AIRE,SAND,Yes
ENSG00000177030,DEAF1,SAND,Yes
ENSG00000102393,GLA,SAND,No
ENSG00000162419,GMEB1,SAND,Yes
ENSG00000101216,GMEB2,SAND,Yes
ENSG00000215474,SKOR2,SAND,Yes
ENSG00000067066,SP100,SAND,Yes
ENSG00000135899,SP110,SAND,Yes
ENSG00000079263,SP140,SAND,Yes
ENSG00000185404,SP140L,SAND,Yes
ENSG00000175467,SART1,SART-1,No
ENSG00000241343,RPL36A,SBP,No
ENSG00000162599,NFIA,SMAD,Yes
ENSG00000147862,NFIB,SMAD,Yes
ENSG00000141905,NFIC,SMAD,Yes
ENSG00000008441,NFIX,SMAD,Yes
ENSG00000170365,SMAD1,SMAD,Yes
ENSG00000175387,SMAD2,SMAD,No
ENSG00000166949,SMAD3,SMAD,Yes
ENSG00000141646,SMAD4,SMAD,Yes
ENSG00000113658,SMAD5,SMAD,Yes
ENSG00000137834,SMAD6,SMAD,No
ENSG00000101665,SMAD7,SMAD,No
ENSG00000120693,SMAD9,SMAD,Yes
ENSG00000115415,STAT1,STAT,Yes
ENSG00000170581,STAT2,STAT,Yes
ENSG00000168610,STAT3,STAT,Yes
ENSG00000138378,STAT4,STAT,Yes
ENSG00000126561,STAT5A,STAT,Yes
ENSG00000173757,STAT5B,STAT,Yes
ENSG00000166888,STAT6,STAT,Yes
ENSG00000163508,EOMES,T-box,Yes
ENSG00000174197,MGA,T-box,Yes
ENSG00000164458,T,T-box,Yes
ENSG00000136535,TBR1,T-box,Yes
ENSG00000184058,TBX1,T-box,Yes
ENSG00000167800,TBX10,T-box,Yes
ENSG00000092607,TBX15,T-box,Yes
ENSG00000112837,TBX18,T-box,Yes
ENSG00000143178,TBX19,T-box,Yes
ENSG00000121068,TBX2,T-box,Yes
ENSG00000164532,TBX20,T-box,Yes
ENSG00000073861,TBX21,T-box,Yes
ENSG00000122145,TBX22,T-box,Yes
ENSG00000135111,TBX3,T-box,Yes
ENSG00000121075,TBX4,T-box,Yes
ENSG00000089225,TBX5,T-box,Yes
ENSG00000149922,TBX6,T-box,Yes
ENSG00000112592,TBP,TBP,Yes
ENSG00000028839,TBPL1,TBP,Yes
ENSG00000182521,TBPL2,TBP,Yes
ENSG00000189308,LIN54,TCR/CxC,Yes
ENSG00000132749,TESMIN,TCR/CxC,No
ENSG00000110244,APOA4,TEA,No
ENSG00000187079,TEAD1,TEA,Yes
ENSG00000074219,TEAD2,TEA,Yes
ENSG00000007866,TEAD3,TEA,Yes
ENSG00000197905,TEAD4,TEA,Yes
ENSG00000131931,THAP1,THAP finger,Yes
ENSG00000129028,THAP10,THAP finger,Yes
ENSG00000168286,THAP11,THAP finger,Yes
ENSG00000137492,THAP12,THAP finger,Yes
ENSG00000173451,THAP2,THAP finger,Yes
ENSG00000041988,THAP3,THAP finger,Yes
ENSG00000176946,THAP4,THAP finger,Yes
ENSG00000177683,THAP5,THAP finger,Yes
ENSG00000174796,THAP6,THAP finger,Yes
ENSG00000184436,THAP7,THAP finger,Yes
ENSG00000161277,THAP8,THAP finger,Yes
ENSG00000168152,THAP9,THAP finger,Yes
ENSG00000107372,ZFAND5,ZZ-type ZF,No
